,time,open_cnt,c_cnt
0,2016-07-26 04:45:00,2,0
1,2016-07-26 04:46:00,2,0
2,2016-07-26 04:47:00,11,0
3,2016-07-26 04:48:00,7,0
4,2016-07-26 04:49:00,10,0
5,2016-07-26 04:50:00,6,1
6,2016-07-26 04:51:00,10,0
7,2016-07-26 04:52:00,21,1
8,2016-07-26 04:53:00,14,1
9,2016-07-26 04:54:00,15,2
10,2016-07-26 04:55:00,22,1
11,2016-07-26 04:56:00,16,2
12,2016-07-26 04:57:00,17,1
13,2016-07-26 04:58:00,12,1
14,2016-07-26 04:59:00,14,1
15,2016-07-26 05:00:00,15,1
16,2016-07-26 05:01:00,13,1
17,2016-07-26 05:02:00,13,1
18,2016-07-26 05:03:00,19,0
19,2016-07-26 05:04:00,26,2
20,2016-07-26 05:05:00,11,4
21,2016-07-26 05:06:00,17,2
22,2016-07-26 05:07:00,18,1
23,2016-07-26 05:08:00,15,5
24,2016-07-26 05:09:00,15,2
25,2016-07-26 05:10:00,18,2
26,2016-07-26 05:11:00,13,3
27,2016-07-26 05:12:00,17,0
28,2016-07-26 05:13:00,14,6
29,2016-07-26 05:14:00,23,5
30,2016-07-26 05:15:00,17,4
31,2016-07-26 05:16:00,14,6
32,2016-07-26 05:17:00,19,1
33,2016-07-26 05:18:00,18,7
34,2016-07-26 05:19:00,16,8
35,2016-07-26 05:20:00,16,4
36,2016-07-26 05:21:00,17,3
37,2016-07-26 05:22:00,17,7
38,2016-07-26 05:23:00,20,7
39,2016-07-26 05:24:00,17,4
40,2016-07-26 05:25:00,18,1
41,2016-07-26 05:26:00,17,4
42,2016-07-26 05:27:00,13,3
43,2016-07-26 05:28:00,14,6
44,2016-07-26 05:29:00,21,5
45,2016-07-26 05:30:00,12,5
46,2016-07-26 05:31:00,18,6
47,2016-07-26 05:32:00,14,5
48,2016-07-26 05:33:00,14,5
49,2016-07-26 05:34:00,19,2
50,2016-07-26 05:35:00,13,5
51,2016-07-26 05:36:00,20,7
52,2016-07-26 05:37:00,17,8
53,2016-07-26 05:38:00,17,8
54,2016-07-26 05:39:00,13,7
55,2016-07-26 05:40:00,19,8
56,2016-07-26 05:41:00,19,6
57,2016-07-26 05:42:00,19,8
58,2016-07-26 05:43:00,19,11
59,2016-07-26 05:44:00,15,3
60,2016-07-26 05:45:00,18,8
61,2016-07-26 05:46:00,21,11
62,2016-07-26 05:47:00,9,8
63,2016-07-26 05:48:00,18,11
64,2016-07-26 05:49:00,16,10
65,2016-07-26 05:50:00,21,12
66,2016-07-26 05:51:00,17,7
67,2016-07-26 05:52:00,16,5
68,2016-07-26 05:53:00,13,15
69,2016-07-26 05:54:00,20,11
70,2016-07-26 05:55:00,16,9
71,2016-07-26 05:56:00,14,11
72,2016-07-26 05:57:00,11,5
73,2016-07-26 05:58:00,23,8
74,2016-07-26 05:59:00,19,14
75,2016-07-26 06:00:00,11,7
76,2016-07-26 06:01:00,12,6
77,2016-07-26 06:02:00,18,9
78,2016-07-26 06:03:00,12,12
79,2016-07-26 06:04:00,13,6
80,2016-07-26 06:05:00,23,13
81,2016-07-26 06:06:00,22,12
82,2016-07-26 06:07:00,23,10
83,2016-07-26 06:08:00,17,13
84,2016-07-26 06:09:00,14,8
85,2016-07-26 06:10:00,16,8
86,2016-07-26 06:11:00,20,12
87,2016-07-26 06:12:00,24,13
88,2016-07-26 06:13:00,12,9
89,2016-07-26 06:14:00,12,10
90,2016-07-26 06:15:00,21,17
91,2016-07-26 06:16:00,16,10
92,2016-07-26 06:17:00,18,9
93,2016-07-26 06:18:00,9,13
94,2016-07-26 06:19:00,16,8
95,2016-07-26 06:20:00,16,15
96,2016-07-26 06:21:00,16,15
97,2016-07-26 06:22:00,17,11
98,2016-07-26 06:23:00,15,13
99,2016-07-26 06:24:00,20,14
100,2016-07-26 06:25:00,16,12
101,2016-07-26 06:26:00,13,12
102,2016-07-26 06:27:00,13,19
103,2016-07-26 06:28:00,23,12
104,2016-07-26 06:29:00,15,14
105,2016-07-26 06:30:00,16,21
106,2016-07-26 06:31:00,19,17
107,2016-07-26 06:32:00,22,15
108,2016-07-26 06:33:00,15,13
109,2016-07-26 06:34:00,11,16
110,2016-07-26 06:35:00,16,17
111,2016-07-26 06:36:00,19,15
112,2016-07-26 06:37:00,17,17
113,2016-07-26 06:38:00,18,27
114,2016-07-26 06:39:00,14,14
115,2016-07-26 06:40:00,19,17
116,2016-07-26 06:41:00,10,9
117,2016-07-26 06:42:00,14,15
118,2016-07-26 06:43:00,20,12
119,2016-07-26 06:44:00,14,14
120,2016-07-26 06:45:00,22,19
121,2016-07-26 06:46:00,25,9
122,2016-07-26 06:47:00,14,17
123,2016-07-26 06:48:00,14,15
124,2016-07-26 06:49:00,18,15
125,2016-07-26 06:50:00,17,8
126,2016-07-26 06:51:00,11,18
127,2016-07-26 06:52:00,13,26
128,2016-07-26 06:53:00,17,14
129,2016-07-26 06:54:00,21,13
130,2016-07-26 06:55:00,19,26
131,2016-07-26 06:56:00,25,13
132,2016-07-26 06:57:00,13,11
133,2016-07-26 06:58:00,22,13
134,2016-07-26 06:59:00,11,17
135,2016-07-26 07:00:00,14,25
136,2016-07-26 07:01:00,15,14
137,2016-07-26 07:02:00,19,17
138,2016-07-26 07:03:00,23,13
139,2016-07-26 07:04:00,16,17
140,2016-07-26 07:05:00,16,13
141,2016-07-26 07:06:00,21,19
142,2016-07-26 07:07:00,14,20
143,2016-07-26 07:08:00,13,15
144,2016-07-26 07:09:00,15,17
145,2016-07-26 07:10:00,11,20
146,2016-07-26 07:11:00,18,15
147,2016-07-26 07:12:00,14,13
148,2016-07-26 07:13:00,14,16
149,2016-07-26 07:14:00,22,14
150,2016-07-26 07:15:00,14,19
151,2016-07-26 07:16:00,18,21
152,2016-07-26 07:17:00,23,12
153,2016-07-26 07:18:00,20,14
154,2016-07-26 07:19:00,15,21
155,2016-07-26 07:20:00,12,14
156,2016-07-26 07:21:00,20,19
157,2016-07-26 07:22:00,22,14
158,2016-07-26 07:23:00,10,22
159,2016-07-26 07:24:00,18,22
160,2016-07-26 07:25:00,11,16
161,2016-07-26 07:26:00,16,17
162,2016-07-26 07:27:00,22,16
163,2016-07-26 07:28:00,17,22
164,2016-07-26 07:29:00,19,17
165,2016-07-26 07:30:00,10,16
166,2016-07-26 07:31:00,14,15
167,2016-07-26 07:32:00,20,10
168,2016-07-26 07:33:00,11,17
169,2016-07-26 07:34:00,13,22
170,2016-07-26 07:35:00,27,14
171,2016-07-26 07:36:00,15,13
172,2016-07-26 07:37:00,13,12
173,2016-07-26 07:38:00,15,17
174,2016-07-26 07:39:00,15,22
175,2016-07-26 07:40:00,17,21
176,2016-07-26 07:41:00,19,23
177,2016-07-26 07:42:00,21,18
178,2016-07-26 07:43:00,16,19
179,2016-07-26 07:44:00,22,12
180,2016-07-26 07:45:00,16,18
181,2016-07-26 07:46:00,25,20
182,2016-07-26 07:47:00,14,15
183,2016-07-26 07:48:00,13,13
184,2016-07-26 07:49:00,13,22
185,2016-07-26 07:50:00,23,12
186,2016-07-26 07:51:00,14,17
187,2016-07-26 07:52:00,19,11
188,2016-07-26 07:53:00,19,19
189,2016-07-26 07:54:00,10,18
190,2016-07-26 07:55:00,18,17
191,2016-07-26 07:56:00,14,13
192,2016-07-26 07:57:00,15,13
193,2016-07-26 07:58:00,16,21
194,2016-07-26 07:59:00,21,9
195,2016-07-26 08:00:00,17,10
196,2016-07-26 08:01:00,12,15
197,2016-07-26 08:02:00,21,24
198,2016-07-26 08:03:00,15,18
199,2016-07-26 08:04:00,16,18
200,2016-07-26 08:05:00,18,18
201,2016-07-26 08:06:00,21,14
202,2016-07-26 08:07:00,18,21
203,2016-07-26 08:08:00,13,12
204,2016-07-26 08:09:00,15,16
205,2016-07-26 08:10:00,13,17
206,2016-07-26 08:11:00,15,12
207,2016-07-26 08:12:00,22,13
208,2016-07-26 08:13:00,20,22
209,2016-07-26 08:14:00,15,11
210,2016-07-26 08:15:00,16,26
211,2016-07-26 08:16:00,22,26
212,2016-07-26 08:17:00,9,15
213,2016-07-26 08:18:00,21,16
214,2016-07-26 08:19:00,6,17
215,2016-07-26 08:20:00,12,16
216,2016-07-26 08:21:00,14,14
217,2016-07-26 08:22:00,25,12
218,2016-07-26 08:23:00,27,13
219,2016-07-26 08:24:00,14,9
220,2016-07-26 08:25:00,15,14
221,2016-07-26 08:26:00,15,14
222,2016-07-26 08:27:00,17,11
223,2016-07-26 08:28:00,15,17
224,2016-07-26 08:29:00,16,18
225,2016-07-26 08:30:00,21,20
226,2016-07-26 08:31:00,17,13
227,2016-07-26 08:32:00,13,9
228,2016-07-26 08:33:00,19,20
229,2016-07-26 08:34:00,15,20
230,2016-07-26 08:35:00,14,15
231,2016-07-26 08:36:00,15,17
232,2016-07-26 08:37:00,20,21
233,2016-07-26 08:38:00,21,19
234,2016-07-26 08:39:00,14,13
235,2016-07-26 08:40:00,13,15
236,2016-07-26 08:41:00,16,14
237,2016-07-26 08:42:00,13,20
238,2016-07-26 08:43:00,17,12
239,2016-07-26 08:44:00,23,12
240,2016-07-26 08:45:00,15,26
241,2016-07-26 08:46:00,22,22
242,2016-07-26 08:47:00,13,15
243,2016-07-26 08:48:00,17,22
244,2016-07-26 08:49:00,20,23
245,2016-07-26 08:50:00,12,18
246,2016-07-26 08:51:00,16,23
247,2016-07-26 08:52:00,14,21
248,2016-07-26 08:53:00,18,16
249,2016-07-26 08:54:00,13,14
250,2016-07-26 08:55:00,25,21
251,2016-07-26 08:56:00,13,15
252,2016-07-26 08:57:00,16,21
253,2016-07-26 08:58:00,16,16
254,2016-07-26 08:59:00,17,19
255,2016-07-26 09:00:00,12,17
256,2016-07-26 09:01:00,18,14
257,2016-07-26 09:02:00,25,17
258,2016-07-26 09:03:00,19,7
259,2016-07-26 09:04:00,17,12
260,2016-07-26 09:05:00,24,14
261,2016-07-26 09:06:00,15,17
262,2016-07-26 09:07:00,14,23
263,2016-07-26 09:08:00,9,14
264,2016-07-26 09:09:00,18,10
265,2016-07-26 09:10:00,19,26
266,2016-07-26 09:11:00,14,24
267,2016-07-26 09:12:00,16,14
268,2016-07-26 09:13:00,18,10
269,2016-07-26 09:14:00,14,20
270,2016-07-26 09:15:00,18,13
271,2016-07-26 09:16:00,18,17
272,2016-07-26 09:17:00,19,16
273,2016-07-26 09:18:00,12,16
274,2016-07-26 09:19:00,12,15
275,2016-07-26 09:20:00,22,15
276,2016-07-26 09:21:00,22,21
277,2016-07-26 09:22:00,20,20
278,2016-07-26 09:23:00,17,28
279,2016-07-26 09:24:00,17,23
280,2016-07-26 09:25:00,8,14
281,2016-07-26 09:26:00,20,23
282,2016-07-26 09:27:00,12,17
283,2016-07-26 09:28:00,15,12
284,2016-07-26 09:29:00,16,18
285,2016-07-26 09:30:00,14,12
286,2016-07-26 09:31:00,21,10
287,2016-07-26 09:32:00,16,21
288,2016-07-26 09:33:00,14,12
289,2016-07-26 09:34:00,19,22
290,2016-07-26 09:35:00,15,10
291,2016-07-26 09:36:00,22,16
292,2016-07-26 09:37:00,17,15
293,2016-07-26 09:38:00,23,17
294,2016-07-26 09:39:00,14,15
295,2016-07-26 09:40:00,14,14
296,2016-07-26 09:41:00,15,10
297,2016-07-26 09:42:00,15,11
298,2016-07-26 09:43:00,20,17
299,2016-07-26 09:44:00,24,22
300,2016-07-26 09:45:00,17,21
301,2016-07-26 09:46:00,15,12
302,2016-07-26 09:47:00,12,13
303,2016-07-26 09:48:00,21,14
304,2016-07-26 09:49:00,23,20
305,2016-07-26 09:50:00,11,22
306,2016-07-26 09:51:00,14,11
307,2016-07-26 09:52:00,13,24
308,2016-07-26 09:53:00,22,18
309,2016-07-26 09:54:00,10,16
310,2016-07-26 09:55:00,16,19
311,2016-07-26 09:56:00,17,17
312,2016-07-26 09:57:00,15,17
313,2016-07-26 09:58:00,23,15
314,2016-07-26 09:59:00,16,19
315,2016-07-26 10:00:00,12,12
316,2016-07-26 10:01:00,14,21
317,2016-07-26 10:02:00,16,16
318,2016-07-26 10:03:00,30,16
319,2016-07-26 10:04:00,15,14
320,2016-07-26 10:05:00,13,15
321,2016-07-26 10:06:00,9,17
322,2016-07-26 10:07:00,20,17
323,2016-07-26 10:08:00,22,17
324,2016-07-26 10:09:00,16,18
325,2016-07-26 10:10:00,14,18
326,2016-07-26 10:11:00,13,16
327,2016-07-26 10:12:00,12,14
328,2016-07-26 10:13:00,16,15
329,2016-07-26 10:14:00,24,14
330,2016-07-26 10:15:00,18,13
331,2016-07-26 10:16:00,15,16
332,2016-07-26 10:17:00,16,13
333,2016-07-26 10:18:00,13,14
334,2016-07-26 10:19:00,14,11
335,2016-07-26 10:20:00,16,15
336,2016-07-26 10:21:00,18,19
337,2016-07-26 10:22:00,19,18
338,2016-07-26 10:23:00,22,22
339,2016-07-26 10:24:00,20,18
340,2016-07-26 10:25:00,19,21
341,2016-07-26 10:26:00,11,13
342,2016-07-26 10:27:00,16,11
343,2016-07-26 10:28:00,23,15
344,2016-07-26 10:29:00,7,12
345,2016-07-26 10:30:00,16,14
346,2016-07-26 10:31:00,19,11
347,2016-07-26 10:32:00,11,29
348,2016-07-26 10:33:00,20,17
349,2016-07-26 10:34:00,21,17
350,2016-07-26 10:35:00,20,18
351,2016-07-26 10:36:00,18,13
352,2016-07-26 10:37:00,15,20
353,2016-07-26 10:38:00,14,24
354,2016-07-26 10:39:00,21,14
355,2016-07-26 10:40:00,16,18
356,2016-07-26 10:41:00,17,14
357,2016-07-26 10:42:00,17,18
358,2016-07-26 10:43:00,13,15
359,2016-07-26 10:44:00,17,17
360,2016-07-26 10:45:00,23,21
361,2016-07-26 10:46:00,16,18
362,2016-07-26 10:47:00,10,18
363,2016-07-26 10:48:00,18,20
364,2016-07-26 10:49:00,8,20
365,2016-07-26 10:50:00,20,16
366,2016-07-26 10:51:00,15,16
367,2016-07-26 10:52:00,19,8
368,2016-07-26 10:53:00,17,20
369,2016-07-26 10:54:00,23,19
370,2016-07-26 10:55:00,21,15
371,2016-07-26 10:56:00,13,14
372,2016-07-26 10:57:00,18,11
373,2016-07-26 10:58:00,16,17
374,2016-07-26 10:59:00,11,22
375,2016-07-26 11:00:00,21,13
376,2016-07-26 11:01:00,22,13
377,2016-07-26 11:02:00,12,15
378,2016-07-26 11:03:00,20,12
379,2016-07-26 11:04:00,12,20
380,2016-07-26 11:05:00,10,16
381,2016-07-26 11:06:00,19,22
382,2016-07-26 11:07:00,20,16
383,2016-07-26 11:08:00,16,14
384,2016-07-26 11:09:00,15,20
385,2016-07-26 11:10:00,15,16
386,2016-07-26 11:11:00,17,10
387,2016-07-26 11:12:00,14,18
388,2016-07-26 11:13:00,18,14
389,2016-07-26 11:14:00,19,28
390,2016-07-26 11:15:00,19,14
391,2016-07-26 11:16:00,23,19
392,2016-07-26 11:17:00,14,15
393,2016-07-26 11:18:00,17,17
394,2016-07-26 11:19:00,11,21
395,2016-07-26 11:20:00,16,16
396,2016-07-26 11:21:00,17,15
397,2016-07-26 11:22:00,13,17
398,2016-07-26 11:23:00,21,20
399,2016-07-26 11:24:00,20,18
400,2016-07-26 11:25:00,19,17
401,2016-07-26 11:26:00,11,23
402,2016-07-26 11:27:00,19,8
403,2016-07-26 11:28:00,14,18
404,2016-07-26 11:29:00,24,26
405,2016-07-26 11:30:00,10,23
406,2016-07-26 11:31:00,12,16
407,2016-07-26 11:32:00,18,10
408,2016-07-26 11:33:00,16,20
409,2016-07-26 11:34:00,18,11
410,2016-07-26 11:35:00,19,14
411,2016-07-26 11:36:00,15,13
412,2016-07-26 11:37:00,22,10
413,2016-07-26 11:38:00,14,16
414,2016-07-26 11:39:00,11,17
415,2016-07-26 11:40:00,16,17
416,2016-07-26 11:41:00,12,19
417,2016-07-26 11:42:00,22,16
418,2016-07-26 11:43:00,12,13
419,2016-07-26 11:44:00,25,15
420,2016-07-26 11:45:00,13,17
421,2016-07-26 11:46:00,16,7
422,2016-07-26 11:47:00,13,14
423,2016-07-26 11:48:00,24,16
424,2016-07-26 11:49:00,13,18
425,2016-07-26 11:50:00,20,11
426,2016-07-26 11:51:00,9,21
427,2016-07-26 11:52:00,26,18
428,2016-07-26 11:53:00,16,19
429,2016-07-26 11:54:00,15,19
430,2016-07-26 11:55:00,14,11
431,2016-07-26 11:56:00,18,12
432,2016-07-26 11:57:00,16,16
433,2016-07-26 11:58:00,19,26
434,2016-07-26 11:59:00,18,17
435,2016-07-26 12:00:00,12,19
436,2016-07-26 12:01:00,11,19
437,2016-07-26 12:02:00,20,20
438,2016-07-26 12:03:00,20,19
439,2016-07-26 12:04:00,17,26
440,2016-07-26 12:05:00,25,22
441,2016-07-26 12:06:00,23,27
442,2016-07-26 12:07:00,17,10
443,2016-07-26 12:08:00,9,9
444,2016-07-26 12:09:00,15,19
445,2016-07-26 12:10:00,15,19
446,2016-07-26 12:11:00,19,16
447,2016-07-26 12:12:00,15,14
448,2016-07-26 12:13:00,12,16
449,2016-07-26 12:14:00,19,13
450,2016-07-26 12:15:00,19,18
451,2016-07-26 12:16:00,16,14
452,2016-07-26 12:17:00,16,13
453,2016-07-26 12:18:00,19,16
454,2016-07-26 12:19:00,16,17
455,2016-07-26 12:20:00,16,17
456,2016-07-26 12:21:00,14,23
457,2016-07-26 12:22:00,20,21
458,2016-07-26 12:23:00,17,16
459,2016-07-26 12:24:00,14,13
460,2016-07-26 12:25:00,21,12
461,2016-07-26 12:26:00,17,15
462,2016-07-26 12:27:00,17,22
463,2016-07-26 12:28:00,15,8
464,2016-07-26 12:29:00,13,13
465,2016-07-26 12:30:00,20,23
466,2016-07-26 12:31:00,16,22
467,2016-07-26 12:32:00,14,16
468,2016-07-26 12:33:00,22,19
469,2016-07-26 12:34:00,15,24
470,2016-07-26 12:35:00,12,17
471,2016-07-26 12:36:00,20,12
472,2016-07-26 12:37:00,12,20
473,2016-07-26 12:38:00,18,16
474,2016-07-26 12:39:00,12,11
475,2016-07-26 12:40:00,14,15
476,2016-07-26 12:41:00,20,11
477,2016-07-26 12:42:00,18,17
478,2016-07-26 12:43:00,12,17
479,2016-07-26 12:44:00,22,17
480,2016-07-26 12:45:00,16,19
481,2016-07-26 12:46:00,24,16
482,2016-07-26 12:47:00,16,17
483,2016-07-26 12:48:00,10,17
484,2016-07-26 12:49:00,22,26
485,2016-07-26 12:50:00,21,16
486,2016-07-26 12:51:00,13,12
487,2016-07-26 12:52:00,14,15
488,2016-07-26 12:53:00,15,17
489,2016-07-26 12:54:00,16,13
490,2016-07-26 12:55:00,19,17
491,2016-07-26 12:56:00,14,19
492,2016-07-26 12:57:00,25,17
493,2016-07-26 12:58:00,18,14
494,2016-07-26 12:59:00,18,24
495,2016-07-26 13:00:00,26,30
496,2016-07-26 13:01:00,14,14
497,2016-07-26 13:02:00,13,24
498,2016-07-26 13:03:00,11,18
499,2016-07-26 13:04:00,13,21
500,2016-07-26 13:05:00,15,12
501,2016-07-26 13:06:00,20,14
502,2016-07-26 13:07:00,17,17
503,2016-07-26 13:08:00,13,21
504,2016-07-26 13:09:00,14,23
505,2016-07-26 13:10:00,24,20
506,2016-07-26 13:11:00,15,28
507,2016-07-26 13:12:00,16,11
508,2016-07-26 13:13:00,16,13
509,2016-07-26 13:14:00,12,16
510,2016-07-26 13:15:00,17,18
511,2016-07-26 13:16:00,16,19
512,2016-07-26 13:17:00,15,15
513,2016-07-26 13:18:00,21,15
514,2016-07-26 13:19:00,22,13
515,2016-07-26 13:20:00,14,21
516,2016-07-26 13:21:00,15,17
517,2016-07-26 13:22:00,14,16
518,2016-07-26 13:23:00,19,14
519,2016-07-26 13:24:00,23,16
520,2016-07-26 13:25:00,15,18
521,2016-07-26 13:26:00,15,12
522,2016-07-26 13:27:00,16,14
523,2016-07-26 13:28:00,17,21
524,2016-07-26 13:29:00,13,13
525,2016-07-26 13:30:00,20,18
526,2016-07-26 13:31:00,18,10
527,2016-07-26 13:32:00,20,15
528,2016-07-26 13:33:00,22,14
529,2016-07-26 13:34:00,15,18
530,2016-07-26 13:35:00,18,17
531,2016-07-26 13:36:00,15,20
532,2016-07-26 13:37:00,17,19
533,2016-07-26 13:38:00,17,19
534,2016-07-26 13:39:00,17,22
535,2016-07-26 13:40:00,11,18
536,2016-07-26 13:41:00,12,19
537,2016-07-26 13:42:00,15,13
538,2016-07-26 13:43:00,18,22
539,2016-07-26 13:44:00,17,18
540,2016-07-26 13:45:00,17,18
541,2016-07-26 13:46:00,17,7
542,2016-07-26 13:47:00,18,22
543,2016-07-26 13:48:00,13,13
544,2016-07-26 13:49:00,15,16
545,2016-07-26 13:50:00,17,17
546,2016-07-26 13:51:00,14,16
547,2016-07-26 13:52:00,13,22
548,2016-07-26 13:53:00,13,14
549,2016-07-26 13:54:00,26,16
550,2016-07-26 13:55:00,16,20
551,2016-07-26 13:56:00,12,9
552,2016-07-26 13:57:00,27,17
553,2016-07-26 13:58:00,14,16
554,2016-07-26 13:59:00,16,19
555,2016-07-26 14:00:00,13,13
556,2016-07-26 14:01:00,17,14
557,2016-07-26 14:02:00,20,13
558,2016-07-26 14:03:00,21,20
559,2016-07-26 14:04:00,11,14
560,2016-07-26 14:05:00,21,18
561,2016-07-26 14:06:00,19,18
562,2016-07-26 14:07:00,14,21
563,2016-07-26 14:08:00,14,16
564,2016-07-26 14:09:00,22,16
565,2016-07-26 14:10:00,14,11
566,2016-07-26 14:11:00,17,15
567,2016-07-26 14:12:00,14,18
568,2016-07-26 14:13:00,19,22
569,2016-07-26 14:14:00,14,20
570,2016-07-26 14:15:00,20,16
571,2016-07-26 14:16:00,15,18
572,2016-07-26 14:17:00,15,12
573,2016-07-26 14:18:00,17,23
574,2016-07-26 14:19:00,18,14
575,2016-07-26 14:20:00,25,19
576,2016-07-26 14:21:00,14,21
577,2016-07-26 14:22:00,16,15
578,2016-07-26 14:23:00,14,10
579,2016-07-26 14:24:00,15,9
580,2016-07-26 14:25:00,18,18
581,2016-07-26 14:26:00,20,17
582,2016-07-26 14:27:00,10,18
583,2016-07-26 14:28:00,13,20
584,2016-07-26 14:29:00,16,14
585,2016-07-26 14:30:00,10,13
586,2016-07-26 14:31:00,20,18
587,2016-07-26 14:32:00,19,12
588,2016-07-26 14:33:00,23,15
589,2016-07-26 14:34:00,17,12
590,2016-07-26 14:35:00,20,10
591,2016-07-26 14:36:00,17,18
592,2016-07-26 14:37:00,19,14
593,2016-07-26 14:38:00,11,19
594,2016-07-26 14:39:00,17,20
595,2016-07-26 14:40:00,22,10
596,2016-07-26 14:41:00,18,7
597,2016-07-26 14:42:00,17,15
598,2016-07-26 14:43:00,13,13
599,2016-07-26 14:44:00,19,18
600,2016-07-26 14:45:00,16,28
601,2016-07-26 14:46:00,12,8
602,2016-07-26 14:47:00,14,24
603,2016-07-26 14:48:00,18,16
604,2016-07-26 14:49:00,17,17
605,2016-07-26 14:50:00,17,14
606,2016-07-26 14:51:00,16,19
607,2016-07-26 14:52:00,18,19
608,2016-07-26 14:53:00,20,16
609,2016-07-26 14:54:00,14,14
610,2016-07-26 14:55:00,23,17
611,2016-07-26 14:56:00,16,17
612,2016-07-26 14:57:00,13,18
613,2016-07-26 14:58:00,15,15
614,2016-07-26 14:59:00,9,11
615,2016-07-26 15:00:00,14,17
616,2016-07-26 15:01:00,20,14
617,2016-07-26 15:02:00,21,17
618,2016-07-26 15:03:00,18,15
619,2016-07-26 15:04:00,10,13
620,2016-07-26 15:05:00,23,7
621,2016-07-26 15:06:00,21,23
622,2016-07-26 15:07:00,21,14
623,2016-07-26 15:08:00,9,21
624,2016-07-26 15:09:00,18,12
625,2016-07-26 15:10:00,9,22
626,2016-07-26 15:11:00,16,14
627,2016-07-26 15:12:00,25,12
628,2016-07-26 15:13:00,14,20
629,2016-07-26 15:14:00,15,19
630,2016-07-26 15:15:00,20,12
631,2016-07-26 15:16:00,19,15
632,2016-07-26 15:17:00,15,25
633,2016-07-26 15:18:00,23,17
634,2016-07-26 15:19:00,17,18
635,2016-07-26 15:20:00,19,19
636,2016-07-26 15:21:00,18,19
637,2016-07-26 15:22:00,16,16
638,2016-07-26 15:23:00,15,18
639,2016-07-26 15:24:00,13,24
640,2016-07-26 15:25:00,24,20
641,2016-07-26 15:26:00,16,13
642,2016-07-26 15:27:00,10,18
643,2016-07-26 15:28:00,13,18
644,2016-07-26 15:29:00,16,21
645,2016-07-26 15:30:00,16,19
646,2016-07-26 15:31:00,14,23
647,2016-07-26 15:32:00,17,13
648,2016-07-26 15:33:00,21,16
649,2016-07-26 15:34:00,18,17
650,2016-07-26 15:35:00,15,20
651,2016-07-26 15:36:00,11,14
652,2016-07-26 15:37:00,21,27
653,2016-07-26 15:38:00,19,15
654,2016-07-26 15:39:00,25,15
655,2016-07-26 15:40:00,4,18
656,2016-07-26 15:41:00,10,21
657,2016-07-26 15:42:00,19,17
658,2016-07-26 15:43:00,17,14
659,2016-07-26 15:44:00,18,17
660,2016-07-26 15:45:00,24,16
661,2016-07-26 15:46:00,18,21
662,2016-07-26 15:47:00,17,19
663,2016-07-26 15:48:00,15,14
664,2016-07-26 15:49:00,16,16
665,2016-07-26 15:50:00,14,16
666,2016-07-26 15:51:00,19,22
667,2016-07-26 15:52:00,18,17
668,2016-07-26 15:53:00,17,16
669,2016-07-26 15:54:00,18,12
670,2016-07-26 15:55:00,19,15
671,2016-07-26 15:56:00,17,11
672,2016-07-26 15:57:00,14,19
673,2016-07-26 15:58:00,9,20
674,2016-07-26 15:59:00,18,15
675,2016-07-26 16:00:00,18,24
676,2016-07-26 16:01:00,17,17
677,2016-07-26 16:02:00,14,15
678,2016-07-26 16:03:00,17,24
679,2016-07-26 16:04:00,12,12
680,2016-07-26 16:05:00,16,15
681,2016-07-26 16:06:00,15,25
682,2016-07-26 16:07:00,16,16
683,2016-07-26 16:08:00,24,17
684,2016-07-26 16:09:00,16,15
685,2016-07-26 16:10:00,21,11
686,2016-07-26 16:11:00,22,22
687,2016-07-26 16:12:00,17,16
688,2016-07-26 16:13:00,17,15
689,2016-07-26 16:14:00,17,19
690,2016-07-26 16:15:00,20,18
691,2016-07-26 16:16:00,18,15
692,2016-07-26 16:17:00,10,16
693,2016-07-26 16:18:00,11,15
694,2016-07-26 16:19:00,12,17
695,2016-07-26 16:20:00,15,17
696,2016-07-26 16:21:00,18,21
697,2016-07-26 16:22:00,13,19
698,2016-07-26 16:23:00,22,24
699,2016-07-26 16:24:00,21,13
700,2016-07-26 16:25:00,17,19
701,2016-07-26 16:26:00,14,16
702,2016-07-26 16:27:00,11,17
703,2016-07-26 16:28:00,18,19
704,2016-07-26 16:29:00,17,18
705,2016-07-26 16:30:00,20,13
706,2016-07-26 16:31:00,16,21
707,2016-07-26 16:32:00,10,18
708,2016-07-26 16:33:00,19,24
709,2016-07-26 16:34:00,19,13
710,2016-07-26 16:35:00,16,5
711,2016-07-26 16:36:00,17,18
712,2016-07-26 16:37:00,16,11
713,2016-07-26 16:38:00,16,17
714,2016-07-26 16:39:00,9,14
715,2016-07-26 16:40:00,21,16
716,2016-07-26 16:41:00,20,19
717,2016-07-26 16:42:00,13,19
718,2016-07-26 16:43:00,26,13
719,2016-07-26 16:44:00,20,18
720,2016-07-26 16:45:00,14,17
721,2016-07-26 16:46:00,10,23
722,2016-07-26 16:47:00,20,18
723,2016-07-26 16:48:00,19,9
724,2016-07-26 16:49:00,13,12
725,2016-07-26 16:50:00,21,20
726,2016-07-26 16:51:00,21,18
727,2016-07-26 16:52:00,13,17
728,2016-07-26 16:53:00,17,15
729,2016-07-26 16:54:00,15,16
730,2016-07-26 16:55:00,14,12
731,2016-07-26 16:56:00,18,13
732,2016-07-26 16:57:00,14,15
733,2016-07-26 16:58:00,16,12
734,2016-07-26 16:59:00,12,11
735,2016-07-26 17:00:00,22,17
736,2016-07-26 17:01:00,13,20
737,2016-07-26 17:02:00,14,11
738,2016-07-26 17:03:00,18,18
739,2016-07-26 17:04:00,16,10
740,2016-07-26 17:05:00,24,18
741,2016-07-26 17:06:00,14,16
742,2016-07-26 17:07:00,22,16
743,2016-07-26 17:08:00,14,16
744,2016-07-26 17:09:00,21,20
745,2016-07-26 17:10:00,17,22
746,2016-07-26 17:11:00,15,17
747,2016-07-26 17:12:00,15,22
748,2016-07-26 17:13:00,17,15
749,2016-07-26 17:14:00,14,26
750,2016-07-26 17:15:00,21,21
751,2016-07-26 17:16:00,10,20
752,2016-07-26 17:17:00,21,17
753,2016-07-26 17:18:00,19,12
754,2016-07-26 17:19:00,15,14
755,2016-07-26 17:20:00,17,17
756,2016-07-26 17:21:00,16,15
757,2016-07-26 17:22:00,8,20
758,2016-07-26 17:23:00,23,12
759,2016-07-26 17:24:00,24,18
760,2016-07-26 17:25:00,20,8
761,2016-07-26 17:26:00,17,19
762,2016-07-26 17:27:00,21,17
763,2016-07-26 17:28:00,16,27
764,2016-07-26 17:29:00,12,13
765,2016-07-26 17:30:00,9,10
766,2016-07-26 17:31:00,19,23
767,2016-07-26 17:32:00,10,14
768,2016-07-26 17:33:00,19,14
769,2016-07-26 17:34:00,15,19
770,2016-07-26 17:35:00,15,12
771,2016-07-26 17:36:00,22,18
772,2016-07-26 17:37:00,11,13
773,2016-07-26 17:38:00,19,14
774,2016-07-26 17:39:00,21,16
775,2016-07-26 17:40:00,20,16
776,2016-07-26 17:41:00,16,17
777,2016-07-26 17:42:00,17,15
778,2016-07-26 17:43:00,13,17
779,2016-07-26 17:44:00,19,20
780,2016-07-26 17:45:00,13,12
781,2016-07-26 17:46:00,17,13
782,2016-07-26 17:47:00,26,10
783,2016-07-26 17:48:00,12,19
784,2016-07-26 17:49:00,14,18
785,2016-07-26 17:50:00,22,11
786,2016-07-26 17:51:00,21,26
787,2016-07-26 17:52:00,9,20
788,2016-07-26 17:53:00,13,12
789,2016-07-26 17:54:00,20,15
790,2016-07-26 17:55:00,18,9
791,2016-07-26 17:56:00,17,13
792,2016-07-26 17:57:00,20,17
793,2016-07-26 17:58:00,24,25
794,2016-07-26 17:59:00,13,16
795,2016-07-26 18:00:00,11,14
796,2016-07-26 18:01:00,13,15
797,2016-07-26 18:02:00,15,16
798,2016-07-26 18:03:00,13,19
799,2016-07-26 18:04:00,17,22
800,2016-07-26 18:05:00,25,13
801,2016-07-26 18:06:00,15,16
802,2016-07-26 18:07:00,19,21
803,2016-07-26 18:08:00,21,21
804,2016-07-26 18:09:00,12,18
805,2016-07-26 18:10:00,11,17
806,2016-07-26 18:11:00,19,12
807,2016-07-26 18:12:00,15,20
808,2016-07-26 18:13:00,15,13
809,2016-07-26 18:14:00,17,18
810,2016-07-26 18:15:00,13,14
811,2016-07-26 18:16:00,19,17
812,2016-07-26 18:17:00,19,17
813,2016-07-26 18:18:00,19,20
814,2016-07-26 18:19:00,16,15
815,2016-07-26 18:20:00,13,14
816,2016-07-26 18:21:00,14,17
817,2016-07-26 18:22:00,26,21
818,2016-07-26 18:23:00,14,11
819,2016-07-26 18:24:00,16,13
820,2016-07-26 18:25:00,18,23
821,2016-07-26 18:26:00,17,16
822,2016-07-26 18:27:00,16,18
823,2016-07-26 18:28:00,17,12
824,2016-07-26 18:29:00,15,13
825,2016-07-26 18:30:00,13,25
826,2016-07-26 18:31:00,23,22
827,2016-07-26 18:32:00,16,15
828,2016-07-26 18:33:00,19,20
829,2016-07-26 18:34:00,12,20
830,2016-07-26 18:35:00,15,15
831,2016-07-26 18:36:00,17,18
832,2016-07-26 18:37:00,15,16
833,2016-07-26 18:38:00,23,9
834,2016-07-26 18:39:00,11,12
835,2016-07-26 18:40:00,15,14
836,2016-07-26 18:41:00,16,16
837,2016-07-26 18:42:00,13,20
838,2016-07-26 18:43:00,19,14
839,2016-07-26 18:44:00,16,14
840,2016-07-26 18:45:00,17,18
841,2016-07-26 18:46:00,24,16
842,2016-07-26 18:47:00,17,18
843,2016-07-26 18:48:00,23,15
844,2016-07-26 18:49:00,11,15
845,2016-07-26 18:50:00,14,19
846,2016-07-26 18:51:00,22,17
847,2016-07-26 18:52:00,12,14
848,2016-07-26 18:53:00,15,21
849,2016-07-26 18:54:00,18,19
850,2016-07-26 18:55:00,11,13
851,2016-07-26 18:56:00,19,13
852,2016-07-26 18:57:00,20,14
853,2016-07-26 18:58:00,21,13
854,2016-07-26 18:59:00,15,13
855,2016-07-26 19:00:00,15,25
856,2016-07-26 19:01:00,13,22
857,2016-07-26 19:02:00,16,15
858,2016-07-26 19:03:00,19,13
859,2016-07-26 19:04:00,23,14
860,2016-07-26 19:05:00,17,11
861,2016-07-26 19:06:00,17,20
862,2016-07-26 19:07:00,14,17
863,2016-07-26 19:08:00,8,17
864,2016-07-26 19:09:00,21,15
865,2016-07-26 19:10:00,20,14
866,2016-07-26 19:11:00,20,17
867,2016-07-26 19:12:00,15,20
868,2016-07-26 19:13:00,17,18
869,2016-07-26 19:14:00,18,19
870,2016-07-26 19:15:00,16,17
871,2016-07-26 19:16:00,12,30
872,2016-07-26 19:17:00,13,17
873,2016-07-26 19:18:00,17,24
874,2016-07-26 19:19:00,19,19
875,2016-07-26 19:20:00,16,13
876,2016-07-26 19:21:00,19,22
877,2016-07-26 19:22:00,16,10
878,2016-07-26 19:23:00,19,12
879,2016-07-26 19:24:00,14,19
880,2016-07-26 19:25:00,17,19
881,2016-07-26 19:26:00,13,20
882,2016-07-26 19:27:00,18,23
883,2016-07-26 19:28:00,24,19
884,2016-07-26 19:29:00,11,15
885,2016-07-26 19:30:00,21,16
886,2016-07-26 19:31:00,14,13
887,2016-07-26 19:32:00,13,22
888,2016-07-26 19:33:00,16,18
889,2016-07-26 19:34:00,23,17
890,2016-07-26 19:35:00,16,14
891,2016-07-26 19:36:00,8,14
892,2016-07-26 19:37:00,15,21
893,2016-07-26 19:38:00,20,11
894,2016-07-26 19:39:00,15,18
895,2016-07-26 19:40:00,23,11
896,2016-07-26 19:41:00,14,17
897,2016-07-26 19:42:00,23,24
898,2016-07-26 19:43:00,15,18
899,2016-07-26 19:44:00,20,26
900,2016-07-26 19:45:00,16,18
901,2016-07-26 19:46:00,18,15
902,2016-07-26 19:47:00,12,21
903,2016-07-26 19:48:00,18,14
904,2016-07-26 19:49:00,13,12
905,2016-07-26 19:50:00,20,14
906,2016-07-26 19:51:00,22,11
907,2016-07-26 19:52:00,18,15
908,2016-07-26 19:53:00,17,15
909,2016-07-26 19:54:00,22,18
910,2016-07-26 19:55:00,14,12
911,2016-07-26 19:56:00,11,18
912,2016-07-26 19:57:00,12,21
913,2016-07-26 19:58:00,16,21
914,2016-07-26 19:59:00,8,15
915,2016-07-26 20:00:00,21,22
916,2016-07-26 20:01:00,17,21
917,2016-07-26 20:02:00,23,19
918,2016-07-26 20:03:00,17,20
919,2016-07-26 20:04:00,20,10
920,2016-07-26 20:05:00,12,24
921,2016-07-26 20:06:00,13,19
922,2016-07-26 20:07:00,21,19
923,2016-07-26 20:08:00,23,16
924,2016-07-26 20:09:00,10,16
925,2016-07-26 20:10:00,13,20
926,2016-07-26 20:11:00,24,11
927,2016-07-26 20:12:00,17,17
928,2016-07-26 20:13:00,10,15
929,2016-07-26 20:14:00,16,15
930,2016-07-26 20:15:00,19,11
931,2016-07-26 20:16:00,12,17
932,2016-07-26 20:17:00,22,13
933,2016-07-26 20:18:00,19,21
934,2016-07-26 20:19:00,15,12
935,2016-07-26 20:20:00,16,15
936,2016-07-26 20:21:00,15,15
937,2016-07-26 20:22:00,11,19
938,2016-07-26 20:23:00,20,19
939,2016-07-26 20:24:00,23,14
940,2016-07-26 20:25:00,15,17
941,2016-07-26 20:26:00,12,16
942,2016-07-26 20:27:00,13,15
943,2016-07-26 20:28:00,18,14
944,2016-07-26 20:29:00,23,17
945,2016-07-26 20:30:00,22,14
946,2016-07-26 20:31:00,13,8
947,2016-07-26 20:32:00,11,17
948,2016-07-26 20:33:00,13,17
949,2016-07-26 20:34:00,17,20
950,2016-07-26 20:35:00,20,20
951,2016-07-26 20:36:00,17,10
952,2016-07-26 20:37:00,10,14
953,2016-07-26 20:38:00,18,18
954,2016-07-26 20:39:00,18,26
955,2016-07-26 20:40:00,18,20
956,2016-07-26 20:41:00,18,19
957,2016-07-26 20:42:00,16,15
958,2016-07-26 20:43:00,20,15
959,2016-07-26 20:44:00,12,20
960,2016-07-26 20:45:00,12,17
961,2016-07-26 20:46:00,17,15
962,2016-07-26 20:47:00,17,14
963,2016-07-26 20:48:00,20,16
964,2016-07-26 20:49:00,26,12
965,2016-07-26 20:50:00,13,18
966,2016-07-26 20:51:00,17,15
967,2016-07-26 20:52:00,15,20
968,2016-07-26 20:53:00,13,21
969,2016-07-26 20:54:00,16,12
970,2016-07-26 20:55:00,17,18
971,2016-07-26 20:56:00,16,17
972,2016-07-26 20:57:00,28,16
973,2016-07-26 20:58:00,13,21
974,2016-07-26 20:59:00,11,17
975,2016-07-26 21:00:00,20,26
976,2016-07-26 21:01:00,15,19
977,2016-07-26 21:02:00,14,21
978,2016-07-26 21:03:00,16,10
979,2016-07-26 21:04:00,22,12
980,2016-07-26 21:05:00,18,16
981,2016-07-26 21:06:00,18,13
982,2016-07-26 21:07:00,10,13
983,2016-07-26 21:08:00,21,19
984,2016-07-26 21:09:00,17,21
985,2016-07-26 21:10:00,22,16
986,2016-07-26 21:11:00,13,24
987,2016-07-26 21:12:00,17,22
988,2016-07-26 21:13:00,17,18
989,2016-07-26 21:14:00,22,22
990,2016-07-26 21:15:00,20,18
991,2016-07-26 21:16:00,15,16
992,2016-07-26 21:17:00,14,22
993,2016-07-26 21:18:00,12,12
994,2016-07-26 21:19:00,16,23
995,2016-07-26 21:20:00,12,18
996,2016-07-26 21:21:00,15,22
997,2016-07-26 21:22:00,15,14
998,2016-07-26 21:23:00,18,18
999,2016-07-26 21:24:00,13,18
1000,2016-07-26 21:25:00,18,11
1001,2016-07-26 21:26:00,18,14
1002,2016-07-26 21:27:00,18,13
1003,2016-07-26 21:28:00,24,13
1004,2016-07-26 21:29:00,17,13
1005,2016-07-26 21:30:00,21,18
1006,2016-07-26 21:31:00,22,13
1007,2016-07-26 21:32:00,13,14
1008,2016-07-26 21:33:00,14,10
1009,2016-07-26 21:34:00,15,14
1010,2016-07-26 21:35:00,16,16
1011,2016-07-26 21:36:00,18,16
1012,2016-07-26 21:37:00,16,6
1013,2016-07-26 21:38:00,10,22
1014,2016-07-26 21:39:00,19,9
1015,2016-07-26 21:40:00,14,19
1016,2016-07-26 21:41:00,24,18
1017,2016-07-26 21:42:00,16,13
1018,2016-07-26 21:43:00,11,13
1019,2016-07-26 21:44:00,15,15
1020,2016-07-26 21:45:00,19,14
1021,2016-07-26 21:46:00,17,11
1022,2016-07-26 21:47:00,19,14
1023,2016-07-26 21:48:00,15,14
1024,2016-07-26 21:49:00,12,21
1025,2016-07-26 21:50:00,17,17
1026,2016-07-26 21:51:00,16,23
1027,2016-07-26 21:52:00,14,14
1028,2016-07-26 21:53:00,13,19
1029,2016-07-26 21:54:00,17,14
1030,2016-07-26 21:55:00,17,12
1031,2016-07-26 21:56:00,21,14
1032,2016-07-26 21:57:00,17,13
1033,2016-07-26 21:58:00,18,15
1034,2016-07-26 21:59:00,15,19
1035,2016-07-26 22:00:00,14,21
1036,2016-07-26 22:01:00,20,15
1037,2016-07-26 22:02:00,21,18
1038,2016-07-26 22:03:00,16,14
1039,2016-07-26 22:04:00,15,19
1040,2016-07-26 22:05:00,19,18
1041,2016-07-26 22:06:00,8,17
1042,2016-07-26 22:07:00,20,17
1043,2016-07-26 22:08:00,21,12
1044,2016-07-26 22:09:00,12,12
1045,2016-07-26 22:10:00,18,15
1046,2016-07-26 22:11:00,19,24
1047,2016-07-26 22:12:00,18,26
1048,2016-07-26 22:13:00,15,17
1049,2016-07-26 22:14:00,16,23
1050,2016-07-26 22:15:00,20,18
1051,2016-07-26 22:16:00,14,18
1052,2016-07-26 22:17:00,17,17
1053,2016-07-26 22:18:00,26,15
1054,2016-07-26 22:19:00,22,16
1055,2016-07-26 22:20:00,14,18
1056,2016-07-26 22:21:00,12,13
1057,2016-07-26 22:22:00,8,14
1058,2016-07-26 22:23:00,15,18
1059,2016-07-26 22:24:00,17,21
1060,2016-07-26 22:25:00,16,14
1061,2016-07-26 22:26:00,25,17
1062,2016-07-26 22:27:00,14,18
1063,2016-07-26 22:28:00,20,21
1064,2016-07-26 22:29:00,17,15
1065,2016-07-26 22:30:00,20,14
1066,2016-07-26 22:31:00,13,16
1067,2016-07-26 22:32:00,16,17
1068,2016-07-26 22:33:00,12,18
1069,2016-07-26 22:34:00,11,16
1070,2016-07-26 22:35:00,21,22
1071,2016-07-26 22:36:00,16,21
1072,2016-07-26 22:37:00,12,20
1073,2016-07-26 22:38:00,25,9
1074,2016-07-26 22:39:00,18,13
1075,2016-07-26 22:40:00,18,20
1076,2016-07-26 22:41:00,17,18
1077,2016-07-26 22:42:00,16,14
1078,2016-07-26 22:43:00,11,15
1079,2016-07-26 22:44:00,19,20
1080,2016-07-26 22:45:00,20,15
1081,2016-07-26 22:46:00,21,25
1082,2016-07-26 22:47:00,16,21
1083,2016-07-26 22:48:00,21,14
1084,2016-07-26 22:49:00,14,14
1085,2016-07-26 22:50:00,17,11
1086,2016-07-26 22:51:00,9,13
1087,2016-07-26 22:52:00,15,26
1088,2016-07-26 22:53:00,20,14
1089,2016-07-26 22:54:00,18,10
1090,2016-07-26 22:55:00,18,21
1091,2016-07-26 22:56:00,18,17
1092,2016-07-26 22:57:00,22,22
1093,2016-07-26 22:58:00,11,17
1094,2016-07-26 22:59:00,16,21
1095,2016-07-26 23:00:00,18,17
1096,2016-07-26 23:01:00,11,16
1097,2016-07-26 23:02:00,11,10
1098,2016-07-26 23:03:00,11,13
1099,2016-07-26 23:04:00,20,14
1100,2016-07-26 23:05:00,18,9
1101,2016-07-26 23:06:00,19,14
1102,2016-07-26 23:07:00,17,25
1103,2016-07-26 23:08:00,25,17
1104,2016-07-26 23:09:00,12,18
1105,2016-07-26 23:10:00,19,17
1106,2016-07-26 23:11:00,16,17
1107,2016-07-26 23:12:00,22,15
1108,2016-07-26 23:13:00,20,17
1109,2016-07-26 23:14:00,14,18
1110,2016-07-26 23:15:00,16,14
1111,2016-07-26 23:16:00,18,19
1112,2016-07-26 23:17:00,14,24
1113,2016-07-26 23:18:00,15,19
1114,2016-07-26 23:19:00,11,18
1115,2016-07-26 23:20:00,18,14
1116,2016-07-26 23:21:00,16,16
1117,2016-07-26 23:22:00,18,23
1118,2016-07-26 23:23:00,11,19
1119,2016-07-26 23:24:00,19,21
1120,2016-07-26 23:25:00,19,10
1121,2016-07-26 23:26:00,15,16
1122,2016-07-26 23:27:00,19,16
1123,2016-07-26 23:28:00,11,16
1124,2016-07-26 23:29:00,19,19
1125,2016-07-26 23:30:00,25,20
1126,2016-07-26 23:31:00,12,16
1127,2016-07-26 23:32:00,13,18
1128,2016-07-26 23:33:00,15,20
1129,2016-07-26 23:34:00,19,17
1130,2016-07-26 23:35:00,18,13
1131,2016-07-26 23:36:00,14,15
1132,2016-07-26 23:37:00,22,18
1133,2016-07-26 23:38:00,12,18
1134,2016-07-26 23:39:00,15,11
1135,2016-07-26 23:40:00,18,13
1136,2016-07-26 23:41:00,17,13
1137,2016-07-26 23:42:00,13,16
1138,2016-07-26 23:43:00,20,20
1139,2016-07-26 23:44:00,18,16
1140,2016-07-26 23:45:00,15,11
1141,2016-07-26 23:46:00,11,19
1142,2016-07-26 23:47:00,23,18
1143,2016-07-26 23:48:00,19,17
1144,2016-07-26 23:49:00,21,13
1145,2016-07-26 23:50:00,16,20
1146,2016-07-26 23:51:00,18,21
1147,2016-07-26 23:52:00,18,11
1148,2016-07-26 23:53:00,21,22
1149,2016-07-26 23:54:00,14,18
1150,2016-07-26 23:55:00,16,18
1151,2016-07-26 23:56:00,15,14
1152,2016-07-26 23:57:00,11,16
1153,2016-07-26 23:58:00,22,18
1154,2016-07-26 23:59:00,15,14
1155,2016-07-27 00:00:00,19,21
1156,2016-07-27 00:01:00,11,19
1157,2016-07-27 00:02:00,17,19
1158,2016-07-27 00:03:00,14,16
1159,2016-07-27 00:04:00,22,21
1160,2016-07-27 00:05:00,20,21
1161,2016-07-27 00:06:00,16,8
1162,2016-07-27 00:07:00,10,21
1163,2016-07-27 00:08:00,10,16
1164,2016-07-27 00:09:00,23,14
1165,2016-07-27 00:10:00,20,17
1166,2016-07-27 00:11:00,13,21
1167,2016-07-27 00:12:00,18,13
1168,2016-07-27 00:13:00,17,17
1169,2016-07-27 00:14:00,15,21
1170,2016-07-27 00:15:00,28,18
1171,2016-07-27 00:16:00,17,13
1172,2016-07-27 00:17:00,19,20
1173,2016-07-27 00:18:00,14,12
1174,2016-07-27 00:19:00,14,9
1175,2016-07-27 00:20:00,10,24
1176,2016-07-27 00:21:00,15,23
1177,2016-07-27 00:22:00,10,14
1178,2016-07-27 00:23:00,14,10
1179,2016-07-27 00:24:00,18,13
1180,2016-07-27 00:25:00,15,23
1181,2016-07-27 00:26:00,13,12
1182,2016-07-27 00:27:00,22,15
1183,2016-07-27 00:28:00,29,14
1184,2016-07-27 00:29:00,16,15
1185,2016-07-27 00:30:00,19,21
1186,2016-07-27 00:31:00,13,20
1187,2016-07-27 00:32:00,19,23
1188,2016-07-27 00:33:00,22,18
1189,2016-07-27 00:34:00,18,21
1190,2016-07-27 00:35:00,16,17
1191,2016-07-27 00:36:00,11,12
1192,2016-07-27 00:37:00,16,18
1193,2016-07-27 00:38:00,18,17
1194,2016-07-27 00:39:00,16,13
1195,2016-07-27 00:40:00,14,21
1196,2016-07-27 00:41:00,11,22
1197,2016-07-27 00:42:00,14,14
1198,2016-07-27 00:43:00,17,18
1199,2016-07-27 00:44:00,17,15
1200,2016-07-27 00:45:00,21,16
1201,2016-07-27 00:46:00,22,18
1202,2016-07-27 00:47:00,18,20
1203,2016-07-27 00:48:00,15,18
1204,2016-07-27 00:49:00,17,20
1205,2016-07-27 00:50:00,17,23
1206,2016-07-27 00:51:00,22,16
1207,2016-07-27 00:52:00,19,21
1208,2016-07-27 00:53:00,8,15
1209,2016-07-27 00:54:00,10,21
1210,2016-07-27 00:55:00,22,17
1211,2016-07-27 00:56:00,15,9
1212,2016-07-27 00:57:00,19,18
1213,2016-07-27 00:58:00,9,18
1214,2016-07-27 00:59:00,23,16
1215,2016-07-27 01:00:00,16,20
1216,2016-07-27 01:01:00,16,20
1217,2016-07-27 01:02:00,22,14
1218,2016-07-27 01:03:00,21,12
1219,2016-07-27 01:04:00,16,19
1220,2016-07-27 01:05:00,14,20
1221,2016-07-27 01:06:00,14,10
1222,2016-07-27 01:07:00,14,20
1223,2016-07-27 01:08:00,15,16
1224,2016-07-27 01:09:00,12,18
1225,2016-07-27 01:10:00,23,16
1226,2016-07-27 01:11:00,6,19
1227,2016-07-27 01:12:00,22,11
1228,2016-07-27 01:13:00,22,16
1229,2016-07-27 01:14:00,12,17
1230,2016-07-27 01:15:00,21,25
1231,2016-07-27 01:16:00,17,13
1232,2016-07-27 01:17:00,22,14
1233,2016-07-27 01:18:00,14,17
1234,2016-07-27 01:19:00,12,15
1235,2016-07-27 01:20:00,18,11
1236,2016-07-27 01:21:00,13,18
1237,2016-07-27 01:22:00,22,16
1238,2016-07-27 01:23:00,23,22
1239,2016-07-27 01:24:00,17,21
1240,2016-07-27 01:25:00,14,20
1241,2016-07-27 01:26:00,9,16
1242,2016-07-27 01:27:00,10,11
1243,2016-07-27 01:28:00,19,11
1244,2016-07-27 01:29:00,19,21
1245,2016-07-27 01:30:00,13,17
1246,2016-07-27 01:31:00,18,20
1247,2016-07-27 01:32:00,22,20
1248,2016-07-27 01:33:00,24,8
1249,2016-07-27 01:34:00,17,4
1250,2016-07-27 01:35:00,13,18
1251,2016-07-27 01:36:00,19,7
1252,2016-07-27 01:37:00,11,10
1253,2016-07-27 01:38:00,17,18
1254,2016-07-27 01:39:00,17,16
1255,2016-07-27 01:40:00,17,14
1256,2016-07-27 01:41:00,16,12
1257,2016-07-27 01:42:00,21,17
1258,2016-07-27 01:43:00,15,17
1259,2016-07-27 01:44:00,13,19
1260,2016-07-27 01:45:00,15,24
1261,2016-07-27 01:46:00,16,23
1262,2016-07-27 01:47:00,21,12
1263,2016-07-27 01:48:00,13,14
1264,2016-07-27 01:49:00,18,18
1265,2016-07-27 01:50:00,20,19
1266,2016-07-27 01:51:00,18,7
1267,2016-07-27 01:52:00,14,14
1268,2016-07-27 01:53:00,19,16
1269,2016-07-27 01:54:00,12,22
1270,2016-07-27 01:55:00,12,14
1271,2016-07-27 01:56:00,24,12
1272,2016-07-27 01:57:00,18,9
1273,2016-07-27 01:58:00,17,13
1274,2016-07-27 01:59:00,15,17
1275,2016-07-27 02:00:00,18,14
1276,2016-07-27 02:01:00,14,19
1277,2016-07-27 02:02:00,16,19
1278,2016-07-27 02:03:00,10,20
1279,2016-07-27 02:04:00,21,17
1280,2016-07-27 02:05:00,25,20
1281,2016-07-27 02:06:00,30,16
1282,2016-07-27 02:07:00,16,18
1283,2016-07-27 02:08:00,16,10
1284,2016-07-27 02:09:00,18,17
1285,2016-07-27 02:10:00,15,21
1286,2016-07-27 02:11:00,10,13
1287,2016-07-27 02:12:00,13,16
1288,2016-07-27 02:13:00,11,13
1289,2016-07-27 02:14:00,14,27
1290,2016-07-27 02:15:00,18,12
1291,2016-07-27 02:16:00,15,21
1292,2016-07-27 02:17:00,17,24
1293,2016-07-27 02:18:00,15,21
1294,2016-07-27 02:19:00,16,21
1295,2016-07-27 02:20:00,18,16
1296,2016-07-27 02:21:00,17,13
1297,2016-07-27 02:22:00,13,13
1298,2016-07-27 02:23:00,18,19
1299,2016-07-27 02:24:00,20,14
1300,2016-07-27 02:25:00,18,14
1301,2016-07-27 02:26:00,20,21
1302,2016-07-27 02:27:00,18,20
1303,2016-07-27 02:28:00,17,9
1304,2016-07-27 02:29:00,17,14
1305,2016-07-27 02:30:00,17,14
1306,2016-07-27 02:31:00,18,12
1307,2016-07-27 02:32:00,11,18
1308,2016-07-27 02:33:00,17,9
1309,2016-07-27 02:34:00,10,19
1310,2016-07-27 02:35:00,19,21
1311,2016-07-27 02:36:00,22,18
1312,2016-07-27 02:37:00,18,21
1313,2016-07-27 02:38:00,21,16
1314,2016-07-27 02:39:00,10,21
1315,2016-07-27 02:40:00,14,17
1316,2016-07-27 02:41:00,14,18
1317,2016-07-27 02:42:00,20,15
1318,2016-07-27 02:43:00,15,24
1319,2016-07-27 02:44:00,17,15
1320,2016-07-27 02:45:00,16,9
1321,2016-07-27 02:46:00,17,17
1322,2016-07-27 02:47:00,24,15
1323,2016-07-27 02:48:00,11,21
1324,2016-07-27 02:49:00,17,10
1325,2016-07-27 02:50:00,17,15
1326,2016-07-27 02:51:00,20,19
1327,2016-07-27 02:52:00,20,17
1328,2016-07-27 02:53:00,18,18
1329,2016-07-27 02:54:00,10,14
1330,2016-07-27 02:55:00,15,18
1331,2016-07-27 02:56:00,17,14
1332,2016-07-27 02:57:00,15,15
1333,2016-07-27 02:58:00,19,16
1334,2016-07-27 02:59:00,15,20
1335,2016-07-27 03:00:00,21,8
1336,2016-07-27 03:01:00,12,16
1337,2016-07-27 03:02:00,17,24
1338,2016-07-27 03:03:00,22,17
1339,2016-07-27 03:04:00,22,17
1340,2016-07-27 03:05:00,12,15
1341,2016-07-27 03:06:00,7,19
1342,2016-07-27 03:07:00,20,15
1343,2016-07-27 03:08:00,15,10
1344,2016-07-27 03:09:00,16,9
1345,2016-07-27 03:10:00,14,17
1346,2016-07-27 03:11:00,20,20
1347,2016-07-27 03:12:00,15,18
1348,2016-07-27 03:13:00,14,22
1349,2016-07-27 03:14:00,11,14
1350,2016-07-27 03:15:00,22,18
1351,2016-07-27 03:16:00,21,14
1352,2016-07-27 03:17:00,15,16
1353,2016-07-27 03:18:00,18,17
1354,2016-07-27 03:19:00,24,12
1355,2016-07-27 03:20:00,15,16
1356,2016-07-27 03:21:00,16,23
1357,2016-07-27 03:22:00,12,20
1358,2016-07-27 03:23:00,21,13
1359,2016-07-27 03:24:00,17,24
1360,2016-07-27 03:25:00,15,18
1361,2016-07-27 03:26:00,20,13
1362,2016-07-27 03:27:00,21,20
1363,2016-07-27 03:28:00,17,21
1364,2016-07-27 03:29:00,16,15
1365,2016-07-27 03:30:00,23,12
1366,2016-07-27 03:31:00,13,14
1367,2016-07-27 03:32:00,16,18
1368,2016-07-27 03:33:00,17,21
1369,2016-07-27 03:34:00,10,21
1370,2016-07-27 03:35:00,18,18
1371,2016-07-27 03:36:00,17,18
1372,2016-07-27 03:37:00,15,19
1373,2016-07-27 03:38:00,18,20
1374,2016-07-27 03:39:00,20,13
1375,2016-07-27 03:40:00,11,20
1376,2016-07-27 03:41:00,18,17
1377,2016-07-27 03:42:00,11,22
1378,2016-07-27 03:43:00,15,20
1379,2016-07-27 03:44:00,17,18
1380,2016-07-27 03:45:00,15,17
1381,2016-07-27 03:46:00,18,20
1382,2016-07-27 03:47:00,16,12
1383,2016-07-27 03:48:00,18,21
1384,2016-07-27 03:49:00,19,12
1385,2016-07-27 03:50:00,27,17
1386,2016-07-27 03:51:00,23,17
1387,2016-07-27 03:52:00,12,13
1388,2016-07-27 03:53:00,20,17
1389,2016-07-27 03:54:00,12,17
1390,2016-07-27 03:55:00,11,20
1391,2016-07-27 03:56:00,16,20
1392,2016-07-27 03:57:00,18,12
1393,2016-07-27 03:58:00,19,13
1394,2016-07-27 03:59:00,13,13
1395,2016-07-27 04:00:00,15,18
1396,2016-07-27 04:01:00,10,10
1397,2016-07-27 04:02:00,22,26
1398,2016-07-27 04:03:00,11,12
1399,2016-07-27 04:04:00,13,16
1400,2016-07-27 04:05:00,18,18
1401,2016-07-27 04:06:00,24,12
1402,2016-07-27 04:07:00,15,20
1403,2016-07-27 04:08:00,18,16
1404,2016-07-27 04:09:00,16,13
1405,2016-07-27 04:10:00,19,14
1406,2016-07-27 04:11:00,16,16
1407,2016-07-27 04:12:00,23,17
1408,2016-07-27 04:13:00,15,21
1409,2016-07-27 04:14:00,9,20
1410,2016-07-27 04:15:00,16,22
1411,2016-07-27 04:16:00,18,10
1412,2016-07-27 04:17:00,17,15
1413,2016-07-27 04:18:00,26,18
1414,2016-07-27 04:19:00,13,17
1415,2016-07-27 04:20:00,13,20
1416,2016-07-27 04:21:00,13,18
1417,2016-07-27 04:22:00,15,16
1418,2016-07-27 04:23:00,20,11
1419,2016-07-27 04:24:00,10,21
1420,2016-07-27 04:25:00,16,15
1421,2016-07-27 04:26:00,23,20
1422,2016-07-27 04:27:00,19,15
1423,2016-07-27 04:28:00,18,22
1424,2016-07-27 04:29:00,18,21
1425,2016-07-27 04:30:00,21,16
1426,2016-07-27 04:31:00,21,16
1427,2016-07-27 04:32:00,13,23
1428,2016-07-27 04:33:00,18,12
1429,2016-07-27 04:34:00,20,18
1430,2016-07-27 04:35:00,13,17
1431,2016-07-27 04:36:00,16,13
1432,2016-07-27 04:37:00,16,18
1433,2016-07-27 04:38:00,17,23
1434,2016-07-27 04:39:00,12,16
1435,2016-07-27 04:40:00,22,17
1436,2016-07-27 04:41:00,18,16
1437,2016-07-27 04:42:00,20,17
1438,2016-07-27 04:43:00,15,13
1439,2016-07-27 04:44:00,16,11
1440,2016-07-27 04:45:00,16,13
1441,2016-07-27 04:46:00,11,8
1442,2016-07-27 04:47:00,9,21
1443,2016-07-27 04:48:00,19,15
1444,2016-07-27 04:49:00,18,13
1445,2016-07-27 04:50:00,13,13
1446,2016-07-27 04:51:00,24,14
1447,2016-07-27 04:52:00,15,10
1448,2016-07-27 04:53:00,11,22
1449,2016-07-27 04:54:00,16,10
1450,2016-07-27 04:55:00,25,20
1451,2016-07-27 04:56:00,15,18
1452,2016-07-27 04:57:00,16,10
1453,2016-07-27 04:58:00,16,14
1454,2016-07-27 04:59:00,11,14
1455,2016-07-27 05:00:00,11,14
1456,2016-07-27 05:01:00,21,16
1457,2016-07-27 05:02:00,18,17
1458,2016-07-27 05:03:00,14,15
1459,2016-07-27 05:04:00,21,21
1460,2016-07-27 05:05:00,18,13
1461,2016-07-27 05:06:00,21,10
1462,2016-07-27 05:07:00,16,17
1463,2016-07-27 05:08:00,12,21
1464,2016-07-27 05:09:00,18,25
1465,2016-07-27 05:10:00,16,13
1466,2016-07-27 05:11:00,23,17
1467,2016-07-27 05:12:00,21,16
1468,2016-07-27 05:13:00,17,11
1469,2016-07-27 05:14:00,15,18
1470,2016-07-27 05:15:00,16,14
1471,2016-07-27 05:16:00,16,19
1472,2016-07-27 05:17:00,15,21
1473,2016-07-27 05:18:00,14,14
1474,2016-07-27 05:19:00,19,16
1475,2016-07-27 05:20:00,14,9
1476,2016-07-27 05:21:00,20,14
1477,2016-07-27 05:22:00,14,20
1478,2016-07-27 05:23:00,17,13
1479,2016-07-27 05:24:00,18,18
1480,2016-07-27 05:25:00,12,22
1481,2016-07-27 05:26:00,20,13
1482,2016-07-27 05:27:00,22,16
1483,2016-07-27 05:28:00,15,27
1484,2016-07-27 05:29:00,9,10
1485,2016-07-27 05:30:00,18,13
1486,2016-07-27 05:31:00,14,20
1487,2016-07-27 05:32:00,16,12
1488,2016-07-27 05:33:00,25,17
1489,2016-07-27 05:34:00,17,16
1490,2016-07-27 05:35:00,15,22
1491,2016-07-27 05:36:00,16,22
1492,2016-07-27 05:37:00,15,18
1493,2016-07-27 05:38:00,19,13
1494,2016-07-27 05:39:00,15,19
1495,2016-07-27 05:40:00,16,14
1496,2016-07-27 05:41:00,15,22
1497,2016-07-27 05:42:00,24,15
1498,2016-07-27 05:43:00,17,9
1499,2016-07-27 05:44:00,18,17
1500,2016-07-27 05:45:00,16,19
1501,2016-07-27 05:46:00,16,12
1502,2016-07-27 05:47:00,19,24
1503,2016-07-27 05:48:00,13,21
1504,2016-07-27 05:49:00,23,28
1505,2016-07-27 05:50:00,13,18
1506,2016-07-27 05:51:00,18,19
1507,2016-07-27 05:52:00,15,15
1508,2016-07-27 05:53:00,13,15
1509,2016-07-27 05:54:00,20,13
1510,2016-07-27 05:55:00,15,20
1511,2016-07-27 05:56:00,16,16
1512,2016-07-27 05:57:00,15,19
1513,2016-07-27 05:58:00,17,20
1514,2016-07-27 05:59:00,22,27
1515,2016-07-27 06:00:00,18,16
1516,2016-07-27 06:01:00,14,18
1517,2016-07-27 06:02:00,13,16
1518,2016-07-27 06:03:00,21,15
1519,2016-07-27 06:04:00,14,19
1520,2016-07-27 06:05:00,18,15
1521,2016-07-27 06:06:00,16,16
1522,2016-07-27 06:07:00,17,20
1523,2016-07-27 06:08:00,13,15
1524,2016-07-27 06:09:00,17,11
1525,2016-07-27 06:10:00,18,19
1526,2016-07-27 06:11:00,21,12
1527,2016-07-27 06:12:00,7,20
1528,2016-07-27 06:13:00,11,18
1529,2016-07-27 06:14:00,20,18
1530,2016-07-27 06:15:00,19,15
1531,2016-07-27 06:16:00,16,20
1532,2016-07-27 06:17:00,18,25
1533,2016-07-27 06:18:00,12,17
1534,2016-07-27 06:19:00,22,22
1535,2016-07-27 06:20:00,15,13
1536,2016-07-27 06:21:00,15,14
1537,2016-07-27 06:22:00,24,20
1538,2016-07-27 06:23:00,11,24
1539,2016-07-27 06:24:00,16,21
1540,2016-07-27 06:25:00,18,19
1541,2016-07-27 06:26:00,18,21
1542,2016-07-27 06:27:00,15,21
1543,2016-07-27 06:28:00,21,26
1544,2016-07-27 06:29:00,9,18
1545,2016-07-27 06:30:00,19,13
1546,2016-07-27 06:31:00,14,18
1547,2016-07-27 06:32:00,19,11
1548,2016-07-27 06:33:00,15,11
1549,2016-07-27 06:34:00,18,17
1550,2016-07-27 06:35:00,23,13
1551,2016-07-27 06:36:00,11,12
1552,2016-07-27 06:37:00,21,15
1553,2016-07-27 06:38:00,18,16
1554,2016-07-27 06:39:00,18,15
1555,2016-07-27 06:40:00,12,10
1556,2016-07-27 06:41:00,16,11
1557,2016-07-27 06:42:00,12,9
1558,2016-07-27 06:43:00,18,11
1559,2016-07-27 06:44:00,18,18
1560,2016-07-27 06:45:00,19,21
1561,2016-07-27 06:46:00,19,22
1562,2016-07-27 06:47:00,14,18
1563,2016-07-27 06:48:00,20,16
1564,2016-07-27 06:49:00,15,13
1565,2016-07-27 06:50:00,17,19
1566,2016-07-27 06:51:00,13,22
1567,2016-07-27 06:52:00,14,15
1568,2016-07-27 06:53:00,18,16
1569,2016-07-27 06:54:00,20,10
1570,2016-07-27 06:55:00,21,16
1571,2016-07-27 06:56:00,14,17
1572,2016-07-27 06:57:00,16,16
1573,2016-07-27 06:58:00,14,10
1574,2016-07-27 06:59:00,22,14
1575,2016-07-27 07:00:00,16,16
1576,2016-07-27 07:01:00,15,11
1577,2016-07-27 07:02:00,19,22
1578,2016-07-27 07:03:00,16,13
1579,2016-07-27 07:04:00,14,19
1580,2016-07-27 07:05:00,21,23
1581,2016-07-27 07:06:00,17,13
1582,2016-07-27 07:07:00,18,17
1583,2016-07-27 07:08:00,12,17
1584,2016-07-27 07:09:00,21,18
1585,2016-07-27 07:10:00,16,8
1586,2016-07-27 07:11:00,19,15
1587,2016-07-27 07:12:00,12,12
1588,2016-07-27 07:13:00,20,20
1589,2016-07-27 07:14:00,10,16
1590,2016-07-27 07:15:00,13,16
1591,2016-07-27 07:16:00,21,17
1592,2016-07-27 07:17:00,18,15
1593,2016-07-27 07:18:00,25,13
1594,2016-07-27 07:19:00,15,21
1595,2016-07-27 07:20:00,19,21
1596,2016-07-27 07:21:00,10,7
1597,2016-07-27 07:22:00,20,13
1598,2016-07-27 07:23:00,15,15
1599,2016-07-27 07:24:00,17,12
1600,2016-07-27 07:25:00,15,15
1601,2016-07-27 07:26:00,17,14
1602,2016-07-27 07:27:00,14,17
1603,2016-07-27 07:28:00,18,15
1604,2016-07-27 07:29:00,19,12
1605,2016-07-27 07:30:00,16,13
1606,2016-07-27 07:31:00,14,21
1607,2016-07-27 07:32:00,16,13
1608,2016-07-27 07:33:00,13,17
1609,2016-07-27 07:34:00,14,17
1610,2016-07-27 07:35:00,16,16
1611,2016-07-27 07:36:00,13,16
1612,2016-07-27 07:37:00,18,19
1613,2016-07-27 07:38:00,18,16
1614,2016-07-27 07:39:00,15,17
1615,2016-07-27 07:40:00,12,21
1616,2016-07-27 07:41:00,22,10
1617,2016-07-27 07:42:00,19,10
1618,2016-07-27 07:43:00,19,21
1619,2016-07-27 07:44:00,13,21
1620,2016-07-27 07:45:00,17,21
1621,2016-07-27 07:46:00,17,17
1622,2016-07-27 07:47:00,24,18
1623,2016-07-27 07:48:00,19,19
1624,2016-07-27 07:49:00,18,19
1625,2016-07-27 07:50:00,15,20
1626,2016-07-27 07:51:00,16,24
1627,2016-07-27 07:52:00,12,17
1628,2016-07-27 07:53:00,15,11
1629,2016-07-27 07:54:00,13,21
1630,2016-07-27 07:55:00,24,22
1631,2016-07-27 07:56:00,20,20
1632,2016-07-27 07:57:00,13,21
1633,2016-07-27 07:58:00,11,14
1634,2016-07-27 07:59:00,12,12
1635,2016-07-27 08:00:00,16,16
1636,2016-07-27 08:01:00,21,18
1637,2016-07-27 08:02:00,23,20
1638,2016-07-27 08:03:00,19,22
1639,2016-07-27 08:04:00,20,13
1640,2016-07-27 08:05:00,17,20
1641,2016-07-27 08:06:00,13,17
1642,2016-07-27 08:07:00,13,24
1643,2016-07-27 08:08:00,22,18
1644,2016-07-27 08:09:00,15,16
1645,2016-07-27 08:10:00,17,14
1646,2016-07-27 08:11:00,16,16
1647,2016-07-27 08:12:00,24,14
1648,2016-07-27 08:13:00,15,20
1649,2016-07-27 08:14:00,16,17
1650,2016-07-27 08:15:00,25,20
1651,2016-07-27 08:16:00,13,20
1652,2016-07-27 08:17:00,11,16
1653,2016-07-27 08:18:00,17,8
1654,2016-07-27 08:19:00,14,9
1655,2016-07-27 08:20:00,12,18
1656,2016-07-27 08:21:00,19,17
1657,2016-07-27 08:22:00,17,16
1658,2016-07-27 08:23:00,18,17
1659,2016-07-27 08:24:00,22,15
1660,2016-07-27 08:25:00,17,19
1661,2016-07-27 08:26:00,17,16
1662,2016-07-27 08:27:00,15,15
1663,2016-07-27 08:28:00,13,17
1664,2016-07-27 08:29:00,22,24
1665,2016-07-27 08:30:00,13,17
1666,2016-07-27 08:31:00,14,22
1667,2016-07-27 08:32:00,14,22
1668,2016-07-27 08:33:00,16,12
1669,2016-07-27 08:34:00,13,22
1670,2016-07-27 08:35:00,20,17
1671,2016-07-27 08:36:00,10,12
1672,2016-07-27 08:37:00,21,17
1673,2016-07-27 08:38:00,15,11
1674,2016-07-27 08:39:00,17,23
1675,2016-07-27 08:40:00,17,19
1676,2016-07-27 08:41:00,27,16
1677,2016-07-27 08:42:00,9,21
1678,2016-07-27 08:43:00,19,16
1679,2016-07-27 08:44:00,17,14
1680,2016-07-27 08:45:00,10,19
1681,2016-07-27 08:46:00,17,14
1682,2016-07-27 08:47:00,16,19
1683,2016-07-27 08:48:00,15,18
1684,2016-07-27 08:49:00,15,19
1685,2016-07-27 08:50:00,21,21
1686,2016-07-27 08:51:00,23,20
1687,2016-07-27 08:52:00,16,19
1688,2016-07-27 08:53:00,19,12
1689,2016-07-27 08:54:00,13,15
1690,2016-07-27 08:55:00,22,15
1691,2016-07-27 08:56:00,14,12
1692,2016-07-27 08:57:00,21,20
1693,2016-07-27 08:58:00,17,9
1694,2016-07-27 08:59:00,16,21
1695,2016-07-27 09:00:00,10,22
1696,2016-07-27 09:01:00,12,5
1697,2016-07-27 09:02:00,18,16
1698,2016-07-27 09:03:00,19,14
1699,2016-07-27 09:04:00,15,19
1700,2016-07-27 09:05:00,15,17
1701,2016-07-27 09:06:00,26,16
1702,2016-07-27 09:07:00,22,16
1703,2016-07-27 09:08:00,16,11
1704,2016-07-27 09:09:00,16,21
1705,2016-07-27 09:10:00,12,22
1706,2016-07-27 09:11:00,17,17
1707,2016-07-27 09:12:00,19,17
1708,2016-07-27 09:13:00,19,16
1709,2016-07-27 09:14:00,17,19
1710,2016-07-27 09:15:00,17,22
1711,2016-07-27 09:16:00,16,17
1712,2016-07-27 09:17:00,12,16
1713,2016-07-27 09:18:00,15,19
1714,2016-07-27 09:19:00,18,18
1715,2016-07-27 09:20:00,12,15
1716,2016-07-27 09:21:00,16,16
1717,2016-07-27 09:22:00,19,16
1718,2016-07-27 09:23:00,22,16
1719,2016-07-27 09:24:00,8,21
1720,2016-07-27 09:25:00,19,15
1721,2016-07-27 09:26:00,20,12
1722,2016-07-27 09:27:00,14,22
1723,2016-07-27 09:28:00,14,19
1724,2016-07-27 09:29:00,20,16
1725,2016-07-27 09:30:00,21,17
1726,2016-07-27 09:31:00,14,5
1727,2016-07-27 09:32:00,11,19
1728,2016-07-27 09:33:00,12,25
1729,2016-07-27 09:34:00,19,11
1730,2016-07-27 09:35:00,20,13
1731,2016-07-27 09:36:00,17,15
1732,2016-07-27 09:37:00,15,13
1733,2016-07-27 09:38:00,15,18
1734,2016-07-27 09:39:00,14,12
1735,2016-07-27 09:40:00,16,14
1736,2016-07-27 09:41:00,18,19
1737,2016-07-27 09:42:00,17,20
1738,2016-07-27 09:43:00,17,12
1739,2016-07-27 09:44:00,20,11
1740,2016-07-27 09:45:00,15,11
1741,2016-07-27 09:46:00,22,20
1742,2016-07-27 09:47:00,16,22
1743,2016-07-27 09:48:00,22,17
1744,2016-07-27 09:49:00,21,18
1745,2016-07-27 09:50:00,12,15
1746,2016-07-27 09:51:00,14,13
1747,2016-07-27 09:52:00,16,18
1748,2016-07-27 09:53:00,22,20
1749,2016-07-27 09:54:00,16,9
1750,2016-07-27 09:55:00,19,13
1751,2016-07-27 09:56:00,16,19
1752,2016-07-27 09:57:00,15,22
1753,2016-07-27 09:58:00,17,16
1754,2016-07-27 09:59:00,14,17
1755,2016-07-27 10:00:00,11,20
1756,2016-07-27 10:01:00,13,19
1757,2016-07-27 10:02:00,13,19
1758,2016-07-27 10:03:00,15,18
1759,2016-07-27 10:04:00,21,19
1760,2016-07-27 10:05:00,12,19
1761,2016-07-27 10:06:00,25,14
1762,2016-07-27 10:07:00,22,18
1763,2016-07-27 10:08:00,18,16
1764,2016-07-27 10:09:00,14,17
1765,2016-07-27 10:10:00,22,13
1766,2016-07-27 10:11:00,22,15
1767,2016-07-27 10:12:00,11,17
1768,2016-07-27 10:13:00,19,14
1769,2016-07-27 10:14:00,16,29
1770,2016-07-27 10:15:00,12,23
1771,2016-07-27 10:16:00,11,17
1772,2016-07-27 10:17:00,19,19
1773,2016-07-27 10:18:00,13,17
1774,2016-07-27 10:19:00,15,21
1775,2016-07-27 10:20:00,22,19
1776,2016-07-27 10:21:00,12,19
1777,2016-07-27 10:22:00,24,17
1778,2016-07-27 10:23:00,16,19
1779,2016-07-27 10:24:00,22,11
1780,2016-07-27 10:25:00,17,21
1781,2016-07-27 10:26:00,19,19
1782,2016-07-27 10:27:00,18,13
1783,2016-07-27 10:28:00,19,15
1784,2016-07-27 10:29:00,15,12
1785,2016-07-27 10:30:00,12,13
1786,2016-07-27 10:31:00,14,23
1787,2016-07-27 10:32:00,16,24
1788,2016-07-27 10:33:00,14,26
1789,2016-07-27 10:34:00,18,13
1790,2016-07-27 10:35:00,21,17
1791,2016-07-27 10:36:00,19,20
1792,2016-07-27 10:37:00,18,15
1793,2016-07-27 10:38:00,11,17
1794,2016-07-27 10:39:00,12,14
1795,2016-07-27 10:40:00,20,10
1796,2016-07-27 10:41:00,18,11
1797,2016-07-27 10:42:00,14,16
1798,2016-07-27 10:43:00,19,13
1799,2016-07-27 10:44:00,15,17
1800,2016-07-27 10:45:00,9,17
1801,2016-07-27 10:46:00,20,8
1802,2016-07-27 10:47:00,14,12
1803,2016-07-27 10:48:00,22,14
1804,2016-07-27 10:49:00,24,16
1805,2016-07-27 10:50:00,13,12
1806,2016-07-27 10:51:00,13,16
1807,2016-07-27 10:52:00,17,23
1808,2016-07-27 10:53:00,16,19
1809,2016-07-27 10:54:00,14,17
1810,2016-07-27 10:55:00,21,20
1811,2016-07-27 10:56:00,17,18
1812,2016-07-27 10:57:00,15,13
1813,2016-07-27 10:58:00,22,22
1814,2016-07-27 10:59:00,16,19
1815,2016-07-27 11:00:00,16,14
1816,2016-07-27 11:01:00,16,16
1817,2016-07-27 11:02:00,20,10
1818,2016-07-27 11:03:00,13,19
1819,2016-07-27 11:04:00,14,17
1820,2016-07-27 11:05:00,17,18
1821,2016-07-27 11:06:00,19,17
1822,2016-07-27 11:07:00,9,16
1823,2016-07-27 11:08:00,19,16
1824,2016-07-27 11:09:00,21,18
1825,2016-07-27 11:10:00,15,12
1826,2016-07-27 11:11:00,20,9
1827,2016-07-27 11:12:00,17,18
1828,2016-07-27 11:13:00,15,17
1829,2016-07-27 11:14:00,14,19
1830,2016-07-27 11:15:00,16,10
1831,2016-07-27 11:16:00,15,12
1832,2016-07-27 11:17:00,28,14
1833,2016-07-27 11:18:00,13,15
1834,2016-07-27 11:19:00,16,15
1835,2016-07-27 11:20:00,21,21
1836,2016-07-27 11:21:00,15,24
1837,2016-07-27 11:22:00,14,13
1838,2016-07-27 11:23:00,7,18
1839,2016-07-27 11:24:00,15,20
1840,2016-07-27 11:25:00,20,14
1841,2016-07-27 11:26:00,16,10
1842,2016-07-27 11:27:00,19,20
1843,2016-07-27 11:28:00,12,21
1844,2016-07-27 11:29:00,14,20
1845,2016-07-27 11:30:00,15,8
1846,2016-07-27 11:31:00,24,22
1847,2016-07-27 11:32:00,28,18
1848,2016-07-27 11:33:00,14,17
1849,2016-07-27 11:34:00,16,10
1850,2016-07-27 11:35:00,9,19
1851,2016-07-27 11:36:00,13,16
1852,2016-07-27 11:37:00,26,25
1853,2016-07-27 11:38:00,16,11
1854,2016-07-27 11:39:00,16,19
1855,2016-07-27 11:40:00,23,18
1856,2016-07-27 11:41:00,9,16
1857,2016-07-27 11:42:00,23,10
1858,2016-07-27 11:43:00,22,15
1859,2016-07-27 11:44:00,16,21
1860,2016-07-27 11:45:00,15,16
1861,2016-07-27 11:46:00,16,15
1862,2016-07-27 11:47:00,14,20
1863,2016-07-27 11:48:00,16,14
1864,2016-07-27 11:49:00,9,15
1865,2016-07-27 11:50:00,17,19
1866,2016-07-27 11:51:00,15,20
1867,2016-07-27 11:52:00,22,15
1868,2016-07-27 11:53:00,17,18
1869,2016-07-27 11:54:00,22,18
1870,2016-07-27 11:55:00,15,21
1871,2016-07-27 11:56:00,16,18
1872,2016-07-27 11:57:00,13,21
1873,2016-07-27 11:58:00,16,17
1874,2016-07-27 11:59:00,13,15
1875,2016-07-27 12:00:00,23,19
1876,2016-07-27 12:01:00,13,13
1877,2016-07-27 12:02:00,15,14
1878,2016-07-27 12:03:00,20,21
1879,2016-07-27 12:04:00,12,18
1880,2016-07-27 12:05:00,22,17
1881,2016-07-27 12:06:00,14,8
1882,2016-07-27 12:07:00,24,18
1883,2016-07-27 12:08:00,19,15
1884,2016-07-27 12:09:00,15,22
1885,2016-07-27 12:10:00,7,22
1886,2016-07-27 12:11:00,16,15
1887,2016-07-27 12:12:00,16,13
1888,2016-07-27 12:13:00,15,14
1889,2016-07-27 12:14:00,19,16
1890,2016-07-27 12:15:00,21,18
1891,2016-07-27 12:16:00,14,11
1892,2016-07-27 12:17:00,14,16
1893,2016-07-27 12:18:00,18,18
1894,2016-07-27 12:19:00,14,17
1895,2016-07-27 12:20:00,20,13
1896,2016-07-27 12:21:00,11,18
1897,2016-07-27 12:22:00,17,22
1898,2016-07-27 12:23:00,19,20
1899,2016-07-27 12:24:00,21,13
1900,2016-07-27 12:25:00,12,12
1901,2016-07-27 12:26:00,17,19
1902,2016-07-27 12:27:00,10,22
1903,2016-07-27 12:28:00,29,26
1904,2016-07-27 12:29:00,18,16
1905,2016-07-27 12:30:00,14,14
1906,2016-07-27 12:31:00,22,10
1907,2016-07-27 12:32:00,14,14
1908,2016-07-27 12:33:00,19,21
1909,2016-07-27 12:34:00,20,13
1910,2016-07-27 12:35:00,19,22
1911,2016-07-27 12:36:00,11,18
1912,2016-07-27 12:37:00,11,15
1913,2016-07-27 12:38:00,12,16
1914,2016-07-27 12:39:00,23,13
1915,2016-07-27 12:40:00,14,14
1916,2016-07-27 12:41:00,10,12
1917,2016-07-27 12:42:00,21,17
1918,2016-07-27 12:43:00,20,20
1919,2016-07-27 12:44:00,19,19
1920,2016-07-27 12:45:00,12,11
1921,2016-07-27 12:46:00,24,20
1922,2016-07-27 12:47:00,16,11
1923,2016-07-27 12:48:00,15,22
1924,2016-07-27 12:49:00,18,18
1925,2016-07-27 12:50:00,12,17
1926,2016-07-27 12:51:00,18,21
1927,2016-07-27 12:52:00,15,19
1928,2016-07-27 12:53:00,13,14
1929,2016-07-27 12:54:00,24,10
1930,2016-07-27 12:55:00,16,19
1931,2016-07-27 12:56:00,20,20
1932,2016-07-27 12:57:00,14,20
1933,2016-07-27 12:58:00,23,17
1934,2016-07-27 12:59:00,12,18
1935,2016-07-27 13:00:00,21,26
1936,2016-07-27 13:01:00,15,17
1937,2016-07-27 13:02:00,12,10
1938,2016-07-27 13:03:00,16,23
1939,2016-07-27 13:04:00,19,10
1940,2016-07-27 13:05:00,16,13
1941,2016-07-27 13:06:00,20,21
1942,2016-07-27 13:07:00,23,15
1943,2016-07-27 13:08:00,11,15
1944,2016-07-27 13:09:00,9,17
1945,2016-07-27 13:10:00,14,17
1946,2016-07-27 13:11:00,25,20
1947,2016-07-27 13:12:00,16,24
1948,2016-07-27 13:13:00,15,25
1949,2016-07-27 13:14:00,12,15
1950,2016-07-27 13:15:00,15,12
1951,2016-07-27 13:16:00,16,11
1952,2016-07-27 13:17:00,22,20
1953,2016-07-27 13:18:00,16,18
1954,2016-07-27 13:19:00,14,17
1955,2016-07-27 13:20:00,18,17
1956,2016-07-27 13:21:00,30,19
1957,2016-07-27 13:22:00,14,21
1958,2016-07-27 13:23:00,13,14
1959,2016-07-27 13:24:00,17,15
1960,2016-07-27 13:25:00,15,20
1961,2016-07-27 13:26:00,12,21
1962,2016-07-27 13:27:00,11,13
1963,2016-07-27 13:28:00,22,10
1964,2016-07-27 13:29:00,14,22
1965,2016-07-27 13:30:00,14,19
1966,2016-07-27 13:31:00,14,11
1967,2016-07-27 13:32:00,14,20
1968,2016-07-27 13:33:00,18,20
1969,2016-07-27 13:34:00,13,21
1970,2016-07-27 13:35:00,15,10
1971,2016-07-27 13:36:00,17,22
1972,2016-07-27 13:37:00,23,16
1973,2016-07-27 13:38:00,17,16
1974,2016-07-27 13:39:00,24,14
1975,2016-07-27 13:40:00,17,19
1976,2016-07-27 13:41:00,19,20
1977,2016-07-27 13:42:00,16,13
1978,2016-07-27 13:43:00,18,17
1979,2016-07-27 13:44:00,24,16
1980,2016-07-27 13:45:00,17,18
1981,2016-07-27 13:46:00,14,9
1982,2016-07-27 13:47:00,12,13
1983,2016-07-27 13:48:00,21,20
1984,2016-07-27 13:49:00,18,15
1985,2016-07-27 13:50:00,16,15
1986,2016-07-27 13:51:00,14,15
1987,2016-07-27 13:52:00,15,22
1988,2016-07-27 13:53:00,16,15
1989,2016-07-27 13:54:00,18,14
1990,2016-07-27 13:55:00,17,18
1991,2016-07-27 13:56:00,9,14
1992,2016-07-27 13:57:00,12,20
1993,2016-07-27 13:58:00,19,18
1994,2016-07-27 13:59:00,24,8
1995,2016-07-27 14:00:00,19,16
1996,2016-07-27 14:01:00,12,17
1997,2016-07-27 14:02:00,15,9
1998,2016-07-27 14:03:00,17,19
1999,2016-07-27 14:04:00,14,15
2000,2016-07-27 14:05:00,21,9
2001,2016-07-27 14:06:00,21,19
2002,2016-07-27 14:07:00,22,13
2003,2016-07-27 14:08:00,15,13
2004,2016-07-27 14:09:00,13,14
2005,2016-07-27 14:10:00,21,6
2006,2016-07-27 14:11:00,21,16
2007,2016-07-27 14:12:00,12,25
2008,2016-07-27 14:13:00,20,21
2009,2016-07-27 14:14:00,13,15
2010,2016-07-27 14:15:00,17,16
2011,2016-07-27 14:16:00,12,14
2012,2016-07-27 14:17:00,14,20
2013,2016-07-27 14:18:00,16,16
2014,2016-07-27 14:19:00,22,16
2015,2016-07-27 14:20:00,21,23
2016,2016-07-27 14:21:00,14,21
2017,2016-07-27 14:22:00,13,22
2018,2016-07-27 14:23:00,12,19
2019,2016-07-27 14:24:00,22,19
2020,2016-07-27 14:25:00,16,19
2021,2016-07-27 14:26:00,17,18
2022,2016-07-27 14:27:00,15,21
2023,2016-07-27 14:28:00,13,11
2024,2016-07-27 14:29:00,19,19
2025,2016-07-27 14:30:00,18,25
2026,2016-07-27 14:31:00,13,19
2027,2016-07-27 14:32:00,12,13
2028,2016-07-27 14:33:00,15,18
2029,2016-07-27 14:34:00,27,6
2030,2016-07-27 14:35:00,25,16
2031,2016-07-27 14:36:00,17,20
2032,2016-07-27 14:37:00,11,22
2033,2016-07-27 14:38:00,21,17
2034,2016-07-27 14:39:00,15,23
2035,2016-07-27 14:40:00,10,15
2036,2016-07-27 14:41:00,14,13
2037,2016-07-27 14:42:00,21,22
2038,2016-07-27 14:43:00,13,12
2039,2016-07-27 14:44:00,13,19
2040,2016-07-27 14:45:00,21,20
2041,2016-07-27 14:46:00,20,17
2042,2016-07-27 14:47:00,13,18
2043,2016-07-27 14:48:00,14,18
2044,2016-07-27 14:49:00,22,22
2045,2016-07-27 14:50:00,19,11
2046,2016-07-27 14:51:00,20,13
2047,2016-07-27 14:52:00,13,14
2048,2016-07-27 14:53:00,20,26
2049,2016-07-27 14:54:00,12,15
2050,2016-07-27 14:55:00,12,20
2051,2016-07-27 14:56:00,12,22
2052,2016-07-27 14:57:00,20,14
2053,2016-07-27 14:58:00,14,18
2054,2016-07-27 14:59:00,18,26
2055,2016-07-27 15:00:00,23,21
2056,2016-07-27 15:01:00,16,18
2057,2016-07-27 15:02:00,25,17
2058,2016-07-27 15:03:00,16,16
2059,2016-07-27 15:04:00,15,17
2060,2016-07-27 15:05:00,16,15
2061,2016-07-27 15:06:00,13,21
2062,2016-07-27 15:07:00,15,16
2063,2016-07-27 15:08:00,10,22
2064,2016-07-27 15:09:00,20,16
2065,2016-07-27 15:10:00,13,14
2066,2016-07-27 15:11:00,17,17
2067,2016-07-27 15:12:00,11,16
2068,2016-07-27 15:13:00,24,23
2069,2016-07-27 15:14:00,20,15
2070,2016-07-27 15:15:00,8,9
2071,2016-07-27 15:16:00,18,18
2072,2016-07-27 15:17:00,20,10
2073,2016-07-27 15:18:00,14,13
2074,2016-07-27 15:19:00,20,13
2075,2016-07-27 15:20:00,18,10
2076,2016-07-27 15:21:00,20,18
2077,2016-07-27 15:22:00,14,21
2078,2016-07-27 15:23:00,21,14
2079,2016-07-27 15:24:00,25,20
2080,2016-07-27 15:25:00,13,20
2081,2016-07-27 15:26:00,15,22
2082,2016-07-27 15:27:00,14,15
2083,2016-07-27 15:28:00,21,18
2084,2016-07-27 15:29:00,21,15
2085,2016-07-27 15:30:00,17,23
2086,2016-07-27 15:31:00,15,15
2087,2016-07-27 15:32:00,10,11
2088,2016-07-27 15:33:00,12,13
2089,2016-07-27 15:34:00,23,14
2090,2016-07-27 15:35:00,11,20
2091,2016-07-27 15:36:00,13,24
2092,2016-07-27 15:37:00,18,20
2093,2016-07-27 15:38:00,21,17
2094,2016-07-27 15:39:00,17,20
2095,2016-07-27 15:40:00,13,12
2096,2016-07-27 15:41:00,10,12
2097,2016-07-27 15:42:00,20,14
2098,2016-07-27 15:43:00,18,21
2099,2016-07-27 15:44:00,21,17
2100,2016-07-27 15:45:00,12,18
2101,2016-07-27 15:46:00,17,16
2102,2016-07-27 15:47:00,15,12
2103,2016-07-27 15:48:00,20,17
2104,2016-07-27 15:49:00,15,12
2105,2016-07-27 15:50:00,23,18
2106,2016-07-27 15:51:00,14,12
2107,2016-07-27 15:52:00,18,9
2108,2016-07-27 15:53:00,13,12
2109,2016-07-27 15:54:00,18,16
2110,2016-07-27 15:55:00,24,19
2111,2016-07-27 15:56:00,13,17
2112,2016-07-27 15:57:00,20,11
2113,2016-07-27 15:58:00,14,21
2114,2016-07-27 15:59:00,17,23
2115,2016-07-27 16:00:00,22,14
2116,2016-07-27 16:01:00,11,17
2117,2016-07-27 16:02:00,14,18
2118,2016-07-27 16:03:00,16,18
2119,2016-07-27 16:04:00,22,25
2120,2016-07-27 16:05:00,16,18
2121,2016-07-27 16:06:00,13,15
2122,2016-07-27 16:07:00,17,13
2123,2016-07-27 16:08:00,14,9
2124,2016-07-27 16:09:00,15,15
2125,2016-07-27 16:10:00,13,16
2126,2016-07-27 16:11:00,16,14
2127,2016-07-27 16:12:00,14,17
2128,2016-07-27 16:13:00,20,11
2129,2016-07-27 16:14:00,16,24
2130,2016-07-27 16:15:00,20,16
2131,2016-07-27 16:16:00,20,13
2132,2016-07-27 16:17:00,21,21
2133,2016-07-27 16:18:00,10,13
2134,2016-07-27 16:19:00,11,16
2135,2016-07-27 16:20:00,18,10
2136,2016-07-27 16:21:00,18,13
2137,2016-07-27 16:22:00,21,19
2138,2016-07-27 16:23:00,21,16
2139,2016-07-27 16:24:00,17,12
2140,2016-07-27 16:25:00,14,15
2141,2016-07-27 16:26:00,15,17
2142,2016-07-27 16:27:00,12,14
2143,2016-07-27 16:28:00,14,20
2144,2016-07-27 16:29:00,15,10
2145,2016-07-27 16:30:00,13,11
2146,2016-07-27 16:31:00,26,19
2147,2016-07-27 16:32:00,14,15
2148,2016-07-27 16:33:00,16,12
2149,2016-07-27 16:34:00,21,12
2150,2016-07-27 16:35:00,17,15
2151,2016-07-27 16:36:00,23,16
2152,2016-07-27 16:37:00,21,16
2153,2016-07-27 16:38:00,14,15
2154,2016-07-27 16:39:00,17,21
2155,2016-07-27 16:40:00,15,9
2156,2016-07-27 16:41:00,10,12
2157,2016-07-27 16:42:00,13,12
2158,2016-07-27 16:43:00,15,20
2159,2016-07-27 16:44:00,12,17
2160,2016-07-27 16:45:00,25,16
2161,2016-07-27 16:46:00,21,29
2162,2016-07-27 16:47:00,18,14
2163,2016-07-27 16:48:00,13,16
2164,2016-07-27 16:49:00,25,18
2165,2016-07-27 16:50:00,16,15
2166,2016-07-27 16:51:00,14,17
2167,2016-07-27 16:52:00,15,19
2168,2016-07-27 16:53:00,17,15
2169,2016-07-27 16:54:00,18,16
2170,2016-07-27 16:55:00,18,19
2171,2016-07-27 16:56:00,13,15
2172,2016-07-27 16:57:00,16,20
2173,2016-07-27 16:58:00,13,13
2174,2016-07-27 16:59:00,9,15
2175,2016-07-27 17:00:00,16,15
2176,2016-07-27 17:01:00,22,19
2177,2016-07-27 17:02:00,22,14
2178,2016-07-27 17:03:00,16,15
2179,2016-07-27 17:04:00,12,12
2180,2016-07-27 17:05:00,18,16
2181,2016-07-27 17:06:00,18,16
2182,2016-07-27 17:07:00,20,20
2183,2016-07-27 17:08:00,22,17
2184,2016-07-27 17:09:00,18,16
2185,2016-07-27 17:10:00,12,14
2186,2016-07-27 17:11:00,13,9
2187,2016-07-27 17:12:00,14,9
2188,2016-07-27 17:13:00,19,17
2189,2016-07-27 17:14:00,14,19
2190,2016-07-27 17:15:00,15,22
2191,2016-07-27 17:16:00,29,14
2192,2016-07-27 17:17:00,16,20
2193,2016-07-27 17:18:00,15,20
2194,2016-07-27 17:19:00,15,20
2195,2016-07-27 17:20:00,18,20
2196,2016-07-27 17:21:00,21,11
2197,2016-07-27 17:22:00,10,18
2198,2016-07-27 17:23:00,19,15
2199,2016-07-27 17:24:00,16,12
2200,2016-07-27 17:25:00,14,15
2201,2016-07-27 17:26:00,16,13
2202,2016-07-27 17:27:00,16,20
2203,2016-07-27 17:28:00,14,12
2204,2016-07-27 17:29:00,18,18
2205,2016-07-27 17:30:00,11,20
2206,2016-07-27 17:31:00,19,18
2207,2016-07-27 17:32:00,21,17
2208,2016-07-27 17:33:00,19,16
2209,2016-07-27 17:34:00,18,14
2210,2016-07-27 17:35:00,15,21
2211,2016-07-27 17:36:00,23,14
2212,2016-07-27 17:37:00,23,15
2213,2016-07-27 17:38:00,11,13
2214,2016-07-27 17:39:00,15,24
2215,2016-07-27 17:40:00,20,22
2216,2016-07-27 17:41:00,20,20
2217,2016-07-27 17:42:00,15,24
2218,2016-07-27 17:43:00,11,17
2219,2016-07-27 17:44:00,18,12
2220,2016-07-27 17:45:00,14,21
2221,2016-07-27 17:46:00,16,21
2222,2016-07-27 17:47:00,20,17
2223,2016-07-27 17:48:00,20,17
2224,2016-07-27 17:49:00,14,25
2225,2016-07-27 17:50:00,17,18
2226,2016-07-27 17:51:00,14,14
2227,2016-07-27 17:52:00,15,21
2228,2016-07-27 17:53:00,8,19
2229,2016-07-27 17:54:00,21,12
2230,2016-07-27 17:55:00,20,17
2231,2016-07-27 17:56:00,17,13
2232,2016-07-27 17:57:00,16,24
2233,2016-07-27 17:58:00,26,23
2234,2016-07-27 17:59:00,12,11
2235,2016-07-27 18:00:00,20,20
2236,2016-07-27 18:01:00,18,11
2237,2016-07-27 18:02:00,13,11
2238,2016-07-27 18:03:00,10,18
2239,2016-07-27 18:04:00,15,8
2240,2016-07-27 18:05:00,16,21
2241,2016-07-27 18:06:00,17,19
2242,2016-07-27 18:07:00,26,13
2243,2016-07-27 18:08:00,12,23
2244,2016-07-27 18:09:00,15,21
2245,2016-07-27 18:10:00,17,17
2246,2016-07-27 18:11:00,13,20
2247,2016-07-27 18:12:00,24,17
2248,2016-07-27 18:13:00,13,21
2249,2016-07-27 18:14:00,17,11
2250,2016-07-27 18:15:00,16,21
2251,2016-07-27 18:16:00,18,14
2252,2016-07-27 18:17:00,13,22
2253,2016-07-27 18:18:00,16,12
2254,2016-07-27 18:19:00,22,21
2255,2016-07-27 18:20:00,18,23
2256,2016-07-27 18:21:00,15,13
2257,2016-07-27 18:22:00,19,14
2258,2016-07-27 18:23:00,18,5
2259,2016-07-27 18:24:00,11,15
2260,2016-07-27 18:25:00,12,13
2261,2016-07-27 18:26:00,21,18
2262,2016-07-27 18:27:00,13,20
2263,2016-07-27 18:28:00,16,16
2264,2016-07-27 18:29:00,20,16
2265,2016-07-27 18:30:00,16,21
2266,2016-07-27 18:31:00,19,15
2267,2016-07-27 18:32:00,15,9
2268,2016-07-27 18:33:00,18,14
2269,2016-07-27 18:34:00,19,8
2270,2016-07-27 18:35:00,16,14
2271,2016-07-27 18:36:00,13,24
2272,2016-07-27 18:37:00,17,19
2273,2016-07-27 18:38:00,18,17
2274,2016-07-27 18:39:00,13,10
2275,2016-07-27 18:40:00,15,19
2276,2016-07-27 18:41:00,20,21
2277,2016-07-27 18:42:00,16,16
2278,2016-07-27 18:43:00,17,16
2279,2016-07-27 18:44:00,17,16
2280,2016-07-27 18:45:00,19,14
2281,2016-07-27 18:46:00,22,15
2282,2016-07-27 18:47:00,23,20
2283,2016-07-27 18:48:00,15,19
2284,2016-07-27 18:49:00,15,18
2285,2016-07-27 18:50:00,19,20
2286,2016-07-27 18:51:00,16,11
2287,2016-07-27 18:52:00,7,21
2288,2016-07-27 18:53:00,18,17
2289,2016-07-27 18:54:00,20,12
2290,2016-07-27 18:55:00,11,11
2291,2016-07-27 18:56:00,18,16
2292,2016-07-27 18:57:00,18,8
2293,2016-07-27 18:58:00,16,13
2294,2016-07-27 18:59:00,12,22
2295,2016-07-27 19:00:00,19,14
2296,2016-07-27 19:01:00,17,17
2297,2016-07-27 19:02:00,18,23
2298,2016-07-27 19:03:00,26,17
2299,2016-07-27 19:04:00,12,25
2300,2016-07-27 19:05:00,15,14
2301,2016-07-27 19:06:00,21,10
2302,2016-07-27 19:07:00,11,22
2303,2016-07-27 19:08:00,12,9
2304,2016-07-27 19:09:00,24,19
2305,2016-07-27 19:10:00,14,20
2306,2016-07-27 19:11:00,17,20
2307,2016-07-27 19:12:00,16,16
2308,2016-07-27 19:13:00,19,19
2309,2016-07-27 19:14:00,24,16
2310,2016-07-27 19:15:00,14,15
2311,2016-07-27 19:16:00,19,17
2312,2016-07-27 19:17:00,12,18
2313,2016-07-27 19:18:00,12,18
2314,2016-07-27 19:19:00,15,15
2315,2016-07-27 19:20:00,11,18
2316,2016-07-27 19:21:00,20,26
2317,2016-07-27 19:22:00,17,16
2318,2016-07-27 19:23:00,18,19
2319,2016-07-27 19:24:00,18,21
2320,2016-07-27 19:25:00,18,13
2321,2016-07-27 19:26:00,16,11
2322,2016-07-27 19:27:00,25,22
2323,2016-07-27 19:28:00,14,23
2324,2016-07-27 19:29:00,13,18
2325,2016-07-27 19:30:00,12,16
2326,2016-07-27 19:31:00,18,9
2327,2016-07-27 19:32:00,14,19
2328,2016-07-27 19:33:00,17,15
2329,2016-07-27 19:34:00,17,14
2330,2016-07-27 19:35:00,18,18
2331,2016-07-27 19:36:00,17,20
2332,2016-07-27 19:37:00,15,13
2333,2016-07-27 19:38:00,19,23
2334,2016-07-27 19:39:00,18,14
2335,2016-07-27 19:40:00,18,14
2336,2016-07-27 19:41:00,19,16
2337,2016-07-27 19:42:00,12,16
2338,2016-07-27 19:43:00,14,11
2339,2016-07-27 19:44:00,18,18
2340,2016-07-27 19:45:00,15,33
2341,2016-07-27 19:46:00,21,16
2342,2016-07-27 19:47:00,18,17
2343,2016-07-27 19:48:00,13,17
2344,2016-07-27 19:49:00,21,20
2345,2016-07-27 19:50:00,15,14
2346,2016-07-27 19:51:00,16,14
2347,2016-07-27 19:52:00,19,12
2348,2016-07-27 19:53:00,22,12
2349,2016-07-27 19:54:00,6,14
2350,2016-07-27 19:55:00,21,15
2351,2016-07-27 19:56:00,17,19
2352,2016-07-27 19:57:00,15,12
2353,2016-07-27 19:58:00,19,17
2354,2016-07-27 19:59:00,16,21
2355,2016-07-27 20:00:00,20,18
2356,2016-07-27 20:01:00,14,18
2357,2016-07-27 20:02:00,12,21
2358,2016-07-27 20:03:00,17,20
2359,2016-07-27 20:04:00,15,10
2360,2016-07-27 20:05:00,16,18
2361,2016-07-27 20:06:00,14,14
2362,2016-07-27 20:07:00,25,14
2363,2016-07-27 20:08:00,16,14
2364,2016-07-27 20:09:00,13,17
2365,2016-07-27 20:10:00,14,15
2366,2016-07-27 20:11:00,26,19
2367,2016-07-27 20:12:00,17,10
2368,2016-07-27 20:13:00,8,23
2369,2016-07-27 20:14:00,14,21
2370,2016-07-27 20:15:00,15,18
2371,2016-07-27 20:16:00,22,8
2372,2016-07-27 20:17:00,16,19
2373,2016-07-27 20:18:00,17,11
2374,2016-07-27 20:19:00,16,11
2375,2016-07-27 20:20:00,14,17
2376,2016-07-27 20:21:00,23,20
2377,2016-07-27 20:22:00,21,22
2378,2016-07-27 20:23:00,20,16
2379,2016-07-27 20:24:00,15,19
2380,2016-07-27 20:25:00,16,21
2381,2016-07-27 20:26:00,21,23
2382,2016-07-27 20:27:00,12,23
2383,2016-07-27 20:28:00,11,19
2384,2016-07-27 20:29:00,16,13
2385,2016-07-27 20:30:00,17,17
2386,2016-07-27 20:31:00,14,24
2387,2016-07-27 20:32:00,15,19
2388,2016-07-27 20:33:00,21,19
2389,2016-07-27 20:34:00,25,22
2390,2016-07-27 20:35:00,16,15
2391,2016-07-27 20:36:00,12,15
2392,2016-07-27 20:37:00,18,17
2393,2016-07-27 20:38:00,19,13
2394,2016-07-27 20:39:00,17,18
2395,2016-07-27 20:40:00,14,24
2396,2016-07-27 20:41:00,15,19
2397,2016-07-27 20:42:00,15,17
2398,2016-07-27 20:43:00,15,12
2399,2016-07-27 20:44:00,20,18
2400,2016-07-27 20:45:00,19,19
2401,2016-07-27 20:46:00,18,21
2402,2016-07-27 20:47:00,11,15
2403,2016-07-27 20:48:00,20,18
2404,2016-07-27 20:49:00,19,14
2405,2016-07-27 20:50:00,16,19
2406,2016-07-27 20:51:00,14,15
2407,2016-07-27 20:52:00,19,14
2408,2016-07-27 20:53:00,15,20
2409,2016-07-27 20:54:00,18,15
2410,2016-07-27 20:55:00,17,18
2411,2016-07-27 20:56:00,17,21
2412,2016-07-27 20:57:00,14,11
2413,2016-07-27 20:58:00,19,16
2414,2016-07-27 20:59:00,10,19
2415,2016-07-27 21:00:00,8,15
2416,2016-07-27 21:01:00,13,21
2417,2016-07-27 21:02:00,26,15
2418,2016-07-27 21:03:00,21,16
2419,2016-07-27 21:04:00,16,20
2420,2016-07-27 21:05:00,18,18
2421,2016-07-27 21:06:00,17,19
2422,2016-07-27 21:07:00,21,15
2423,2016-07-27 21:08:00,14,12
2424,2016-07-27 21:09:00,20,14
2425,2016-07-27 21:10:00,16,16
2426,2016-07-27 21:11:00,17,15
2427,2016-07-27 21:12:00,14,19
2428,2016-07-27 21:13:00,17,11
2429,2016-07-27 21:14:00,10,20
2430,2016-07-27 21:15:00,15,10
2431,2016-07-27 21:16:00,21,12
2432,2016-07-27 21:17:00,16,15
2433,2016-07-27 21:18:00,15,18
2434,2016-07-27 21:19:00,17,14
2435,2016-07-27 21:20:00,16,19
2436,2016-07-27 21:21:00,16,13
2437,2016-07-27 21:22:00,18,24
2438,2016-07-27 21:23:00,13,15
2439,2016-07-27 21:24:00,20,11
2440,2016-07-27 21:25:00,13,16
2441,2016-07-27 21:26:00,17,19
2442,2016-07-27 21:27:00,21,17
2443,2016-07-27 21:28:00,17,13
2444,2016-07-27 21:29:00,18,16
2445,2016-07-27 21:30:00,18,13
2446,2016-07-27 21:31:00,22,12
2447,2016-07-27 21:32:00,18,11
2448,2016-07-27 21:33:00,17,18
2449,2016-07-27 21:34:00,11,22
2450,2016-07-27 21:35:00,17,10
2451,2016-07-27 21:36:00,13,16
2452,2016-07-27 21:37:00,17,12
2453,2016-07-27 21:38:00,23,10
2454,2016-07-27 21:39:00,15,27
2455,2016-07-27 21:40:00,15,23
2456,2016-07-27 21:41:00,14,18
2457,2016-07-27 21:42:00,22,14
2458,2016-07-27 21:43:00,13,15
2459,2016-07-27 21:44:00,17,19
2460,2016-07-27 21:45:00,8,18
2461,2016-07-27 21:46:00,23,18
2462,2016-07-27 21:47:00,17,15
2463,2016-07-27 21:48:00,17,17
2464,2016-07-27 21:49:00,22,15
2465,2016-07-27 21:50:00,14,21
2466,2016-07-27 21:51:00,15,21
2467,2016-07-27 21:52:00,11,17
2468,2016-07-27 21:53:00,17,17
2469,2016-07-27 21:54:00,24,15
2470,2016-07-27 21:55:00,16,12
2471,2016-07-27 21:56:00,21,17
2472,2016-07-27 21:57:00,14,19
2473,2016-07-27 21:58:00,17,12
2474,2016-07-27 21:59:00,18,17
2475,2016-07-27 22:00:00,19,15
2476,2016-07-27 22:01:00,20,9
2477,2016-07-27 22:02:00,15,11
2478,2016-07-27 22:03:00,10,17
2479,2016-07-27 22:04:00,12,16
2480,2016-07-27 22:05:00,16,12
2481,2016-07-27 22:06:00,15,13
2482,2016-07-27 22:07:00,21,18
2483,2016-07-27 22:08:00,15,21
2484,2016-07-27 22:09:00,16,14
2485,2016-07-27 22:10:00,14,21
2486,2016-07-27 22:11:00,21,16
2487,2016-07-27 22:12:00,18,13
2488,2016-07-27 22:13:00,17,30
2489,2016-07-27 22:14:00,18,7
2490,2016-07-27 22:15:00,16,7
2491,2016-07-27 22:16:00,15,21
2492,2016-07-27 22:17:00,13,25
2493,2016-07-27 22:18:00,16,20
2494,2016-07-27 22:19:00,19,17
2495,2016-07-27 22:20:00,12,16
2496,2016-07-27 22:21:00,20,18
2497,2016-07-27 22:22:00,25,17
2498,2016-07-27 22:23:00,19,17
2499,2016-07-27 22:24:00,15,14
2500,2016-07-27 22:25:00,15,18
2501,2016-07-27 22:26:00,11,21
2502,2016-07-27 22:27:00,20,19
2503,2016-07-27 22:28:00,17,11
2504,2016-07-27 22:29:00,14,12
2505,2016-07-27 22:30:00,16,23
2506,2016-07-27 22:31:00,19,15
2507,2016-07-27 22:32:00,20,14
2508,2016-07-27 22:33:00,14,15
2509,2016-07-27 22:34:00,14,20
2510,2016-07-27 22:35:00,13,13
2511,2016-07-27 22:36:00,20,14
2512,2016-07-27 22:37:00,11,19
2513,2016-07-27 22:38:00,19,15
2514,2016-07-27 22:39:00,15,15
2515,2016-07-27 22:40:00,15,14
2516,2016-07-27 22:41:00,21,15
2517,2016-07-27 22:42:00,17,10
2518,2016-07-27 22:43:00,17,16
2519,2016-07-27 22:44:00,16,15
2520,2016-07-27 22:45:00,17,22
2521,2016-07-27 22:46:00,19,22
2522,2016-07-27 22:47:00,15,18
2523,2016-07-27 22:48:00,15,14
2524,2016-07-27 22:49:00,14,20
2525,2016-07-27 22:50:00,13,24
2526,2016-07-27 22:51:00,19,21
2527,2016-07-27 22:52:00,12,15
2528,2016-07-27 22:53:00,22,21
2529,2016-07-27 22:54:00,12,19
2530,2016-07-27 22:55:00,26,24
2531,2016-07-27 22:56:00,21,17
2532,2016-07-27 22:57:00,12,28
2533,2016-07-27 22:58:00,13,25
2534,2016-07-27 22:59:00,34,16
2535,2016-07-27 23:00:00,15,12
2536,2016-07-27 23:01:00,9,12
2537,2016-07-27 23:02:00,13,17
2538,2016-07-27 23:03:00,14,19
2539,2016-07-27 23:04:00,18,14
2540,2016-07-27 23:05:00,15,12
2541,2016-07-27 23:06:00,14,15
2542,2016-07-27 23:07:00,18,17
2543,2016-07-27 23:08:00,18,17
2544,2016-07-27 23:09:00,23,22
2545,2016-07-27 23:10:00,16,16
2546,2016-07-27 23:11:00,14,25
2547,2016-07-27 23:12:00,17,15
2548,2016-07-27 23:13:00,15,15
2549,2016-07-27 23:14:00,23,14
2550,2016-07-27 23:15:00,12,17
2551,2016-07-27 23:16:00,17,14
2552,2016-07-27 23:17:00,16,26
2553,2016-07-27 23:18:00,14,18
2554,2016-07-27 23:19:00,20,18
2555,2016-07-27 23:20:00,12,9
2556,2016-07-27 23:21:00,25,17
2557,2016-07-27 23:22:00,19,15
2558,2016-07-27 23:23:00,15,14
2559,2016-07-27 23:24:00,15,12
2560,2016-07-27 23:25:00,17,17
2561,2016-07-27 23:26:00,14,8
2562,2016-07-27 23:27:00,21,9
2563,2016-07-27 23:28:00,17,14
2564,2016-07-27 23:29:00,21,12
2565,2016-07-27 23:30:00,17,10
2566,2016-07-27 23:31:00,14,23
2567,2016-07-27 23:32:00,19,20
2568,2016-07-27 23:33:00,20,19
2569,2016-07-27 23:34:00,14,16
2570,2016-07-27 23:35:00,16,14
2571,2016-07-27 23:36:00,15,17
2572,2016-07-27 23:37:00,17,12
2573,2016-07-27 23:38:00,15,11
2574,2016-07-27 23:39:00,18,20
2575,2016-07-27 23:40:00,9,12
2576,2016-07-27 23:41:00,18,19
2577,2016-07-27 23:42:00,9,18
2578,2016-07-27 23:43:00,21,16
2579,2016-07-27 23:44:00,19,21
2580,2016-07-27 23:45:00,18,18
2581,2016-07-27 23:46:00,15,18
2582,2016-07-27 23:47:00,17,18
2583,2016-07-27 23:48:00,20,18
2584,2016-07-27 23:49:00,15,19
2585,2016-07-27 23:50:00,23,12
2586,2016-07-27 23:51:00,17,23
2587,2016-07-27 23:52:00,20,18
2588,2016-07-27 23:53:00,16,12
2589,2016-07-27 23:54:00,13,17
2590,2016-07-27 23:55:00,14,15
2591,2016-07-27 23:56:00,15,23
2592,2016-07-27 23:57:00,18,15
2593,2016-07-27 23:58:00,23,20
2594,2016-07-27 23:59:00,16,23
2595,2016-07-28 00:00:00,13,12
2596,2016-07-28 00:01:00,7,9
2597,2016-07-28 00:02:00,25,19
2598,2016-07-28 00:03:00,21,19
2599,2016-07-28 00:04:00,15,18
2600,2016-07-28 00:05:00,18,18
2601,2016-07-28 00:06:00,12,20
2602,2016-07-28 00:07:00,17,8
2603,2016-07-28 00:08:00,17,20
2604,2016-07-28 00:09:00,18,13
2605,2016-07-28 00:10:00,18,24
2606,2016-07-28 00:11:00,12,17
2607,2016-07-28 00:12:00,17,16
2608,2016-07-28 00:13:00,15,15
2609,2016-07-28 00:14:00,21,19
2610,2016-07-28 00:15:00,15,21
2611,2016-07-28 00:16:00,21,19
2612,2016-07-28 00:17:00,25,24
2613,2016-07-28 00:18:00,11,17
2614,2016-07-28 00:19:00,10,20
2615,2016-07-28 00:20:00,14,13
2616,2016-07-28 00:21:00,10,13
2617,2016-07-28 00:22:00,17,17
2618,2016-07-28 00:23:00,16,22
2619,2016-07-28 00:24:00,20,12
2620,2016-07-28 00:25:00,13,17
2621,2016-07-28 00:26:00,11,17
2622,2016-07-28 00:27:00,16,15
2623,2016-07-28 00:28:00,21,21
2624,2016-07-28 00:29:00,17,20
2625,2016-07-28 00:30:00,17,17
2626,2016-07-28 00:31:00,20,9
2627,2016-07-28 00:32:00,17,24
2628,2016-07-28 00:33:00,20,19
2629,2016-07-28 00:34:00,16,23
2630,2016-07-28 00:35:00,11,13
2631,2016-07-28 00:36:00,24,19
2632,2016-07-28 00:37:00,14,13
2633,2016-07-28 00:38:00,19,11
2634,2016-07-28 00:39:00,20,17
2635,2016-07-28 00:40:00,16,12
2636,2016-07-28 00:41:00,11,17
2637,2016-07-28 00:42:00,12,15
2638,2016-07-28 00:43:00,16,23
2639,2016-07-28 00:44:00,9,15
2640,2016-07-28 00:45:00,17,11
2641,2016-07-28 00:46:00,18,14
2642,2016-07-28 00:47:00,16,16
2643,2016-07-28 00:48:00,27,19
2644,2016-07-28 00:49:00,15,17
2645,2016-07-28 00:50:00,20,19
2646,2016-07-28 00:51:00,22,13
2647,2016-07-28 00:52:00,11,11
2648,2016-07-28 00:53:00,14,15
2649,2016-07-28 00:54:00,13,16
2650,2016-07-28 00:55:00,15,16
2651,2016-07-28 00:56:00,20,19
2652,2016-07-28 00:57:00,22,11
2653,2016-07-28 00:58:00,16,23
2654,2016-07-28 00:59:00,15,14
2655,2016-07-28 01:00:00,18,22
2656,2016-07-28 01:01:00,18,13
2657,2016-07-28 01:02:00,18,22
2658,2016-07-28 01:03:00,15,15
2659,2016-07-28 01:04:00,21,16
2660,2016-07-28 01:05:00,14,10
2661,2016-07-28 01:06:00,16,12
2662,2016-07-28 01:07:00,20,15
2663,2016-07-28 01:08:00,18,15
2664,2016-07-28 01:09:00,19,13
2665,2016-07-28 01:10:00,19,18
2666,2016-07-28 01:11:00,11,17
2667,2016-07-28 01:12:00,13,11
2668,2016-07-28 01:13:00,13,11
2669,2016-07-28 01:14:00,18,19
2670,2016-07-28 01:15:00,12,21
2671,2016-07-28 01:16:00,17,13
2672,2016-07-28 01:17:00,22,24
2673,2016-07-28 01:18:00,23,14
2674,2016-07-28 01:19:00,18,21
2675,2016-07-28 01:20:00,16,23
2676,2016-07-28 01:21:00,17,15
2677,2016-07-28 01:22:00,17,25
2678,2016-07-28 01:23:00,19,16
2679,2016-07-28 01:24:00,16,12
2680,2016-07-28 01:25:00,13,24
2681,2016-07-28 01:26:00,14,17
2682,2016-07-28 01:27:00,16,16
2683,2016-07-28 01:28:00,8,19
2684,2016-07-28 01:29:00,17,11
2685,2016-07-28 01:30:00,24,21
2686,2016-07-28 01:31:00,21,13
2687,2016-07-28 01:32:00,14,18
2688,2016-07-28 01:33:00,21,15
2689,2016-07-28 01:34:00,18,18
2690,2016-07-28 01:35:00,18,15
2691,2016-07-28 01:36:00,20,13
2692,2016-07-28 01:37:00,4,18
2693,2016-07-28 01:38:00,18,14
2694,2016-07-28 01:39:00,20,22
2695,2016-07-28 01:40:00,21,12
2696,2016-07-28 01:41:00,12,20
2697,2016-07-28 01:42:00,18,22
2698,2016-07-28 01:43:00,11,26
2699,2016-07-28 01:44:00,13,17
2700,2016-07-28 01:45:00,19,19
2701,2016-07-28 01:46:00,11,13
2702,2016-07-28 01:47:00,15,16
2703,2016-07-28 01:48:00,20,13
2704,2016-07-28 01:49:00,17,14
2705,2016-07-28 01:50:00,15,10
2706,2016-07-28 01:51:00,23,21
2707,2016-07-28 01:52:00,16,23
2708,2016-07-28 01:53:00,20,14
2709,2016-07-28 01:54:00,20,12
2710,2016-07-28 01:55:00,11,23
2711,2016-07-28 01:56:00,15,12
2712,2016-07-28 01:57:00,16,17
2713,2016-07-28 01:58:00,23,22
2714,2016-07-28 01:59:00,18,18
2715,2016-07-28 02:00:00,15,20
2716,2016-07-28 02:01:00,19,19
2717,2016-07-28 02:02:00,19,16
2718,2016-07-28 02:03:00,15,12
2719,2016-07-28 02:04:00,15,15
2720,2016-07-28 02:05:00,14,21
2721,2016-07-28 02:06:00,15,16
2722,2016-07-28 02:07:00,15,28
2723,2016-07-28 02:08:00,13,20
2724,2016-07-28 02:09:00,24,20
2725,2016-07-28 02:10:00,16,16
2726,2016-07-28 02:11:00,12,20
2727,2016-07-28 02:12:00,24,17
2728,2016-07-28 02:13:00,17,17
2729,2016-07-28 02:14:00,18,17
2730,2016-07-28 02:15:00,13,20
2731,2016-07-28 02:16:00,24,17
2732,2016-07-28 02:17:00,12,12
2733,2016-07-28 02:18:00,25,15
2734,2016-07-28 02:19:00,16,10
2735,2016-07-28 02:20:00,16,11
2736,2016-07-28 02:21:00,18,22
2737,2016-07-28 02:22:00,14,17
2738,2016-07-28 02:23:00,10,25
2739,2016-07-28 02:24:00,16,18
2740,2016-07-28 02:25:00,17,15
2741,2016-07-28 02:26:00,21,12
2742,2016-07-28 02:27:00,16,12
2743,2016-07-28 02:28:00,16,12
2744,2016-07-28 02:29:00,15,7
2745,2016-07-28 02:30:00,25,9
2746,2016-07-28 02:31:00,16,20
2747,2016-07-28 02:32:00,17,11
2748,2016-07-28 02:33:00,13,17
2749,2016-07-28 02:34:00,18,20
2750,2016-07-28 02:35:00,11,17
2751,2016-07-28 02:36:00,13,15
2752,2016-07-28 02:37:00,19,13
2753,2016-07-28 02:38:00,18,11
2754,2016-07-28 02:39:00,11,18
2755,2016-07-28 02:40:00,18,17
2756,2016-07-28 02:41:00,10,11
2757,2016-07-28 02:42:00,17,16
2758,2016-07-28 02:43:00,19,19
2759,2016-07-28 02:44:00,19,11
2760,2016-07-28 02:45:00,26,16
2761,2016-07-28 02:46:00,17,18
2762,2016-07-28 02:47:00,16,21
2763,2016-07-28 02:48:00,20,14
2764,2016-07-28 02:49:00,16,20
2765,2016-07-28 02:50:00,9,17
2766,2016-07-28 02:51:00,15,14
2767,2016-07-28 02:52:00,12,22
2768,2016-07-28 02:53:00,23,19
2769,2016-07-28 02:54:00,19,10
2770,2016-07-28 02:55:00,20,17
2771,2016-07-28 02:56:00,18,20
2772,2016-07-28 02:57:00,17,11
2773,2016-07-28 02:58:00,11,28
2774,2016-07-28 02:59:00,17,17
2775,2016-07-28 03:00:00,17,19
2776,2016-07-28 03:01:00,14,17
2777,2016-07-28 03:02:00,18,21
2778,2016-07-28 03:03:00,18,22
2779,2016-07-28 03:04:00,8,24
2780,2016-07-28 03:05:00,23,16
2781,2016-07-28 03:06:00,16,22
2782,2016-07-28 03:07:00,14,17
2783,2016-07-28 03:08:00,23,18
2784,2016-07-28 03:09:00,13,18
2785,2016-07-28 03:10:00,17,19
2786,2016-07-28 03:11:00,15,18
2787,2016-07-28 03:12:00,20,20
2788,2016-07-28 03:13:00,24,15
2789,2016-07-28 03:14:00,22,18
2790,2016-07-28 03:15:00,16,16
2791,2016-07-28 03:16:00,11,18
2792,2016-07-28 03:17:00,15,14
2793,2016-07-28 03:18:00,18,17
2794,2016-07-28 03:19:00,10,15
2795,2016-07-28 03:20:00,22,15
2796,2016-07-28 03:21:00,14,23
2797,2016-07-28 03:22:00,13,20
2798,2016-07-28 03:23:00,21,20
2799,2016-07-28 03:24:00,25,18
2800,2016-07-28 03:25:00,9,7
2801,2016-07-28 03:26:00,19,19
2802,2016-07-28 03:27:00,12,14
2803,2016-07-28 03:28:00,14,11
2804,2016-07-28 03:29:00,17,18
2805,2016-07-28 03:30:00,16,12
2806,2016-07-28 03:31:00,19,22
2807,2016-07-28 03:32:00,15,15
2808,2016-07-28 03:33:00,13,21
2809,2016-07-28 03:34:00,20,19
2810,2016-07-28 03:35:00,15,10
2811,2016-07-28 03:36:00,10,13
2812,2016-07-28 03:37:00,21,7
2813,2016-07-28 03:38:00,24,16
2814,2016-07-28 03:39:00,15,24
2815,2016-07-28 03:40:00,23,12
2816,2016-07-28 03:41:00,12,17
2817,2016-07-28 03:42:00,24,19
2818,2016-07-28 03:43:00,10,19
2819,2016-07-28 03:44:00,19,16
2820,2016-07-28 03:45:00,15,21
2821,2016-07-28 03:46:00,19,21
2822,2016-07-28 03:47:00,14,13
2823,2016-07-28 03:48:00,18,13
2824,2016-07-28 03:49:00,9,12
2825,2016-07-28 03:50:00,20,16
2826,2016-07-28 03:51:00,15,20
2827,2016-07-28 03:52:00,23,13
2828,2016-07-28 03:53:00,15,14
2829,2016-07-28 03:54:00,11,19
2830,2016-07-28 03:55:00,17,14
2831,2016-07-28 03:56:00,17,11
2832,2016-07-28 03:57:00,16,18
2833,2016-07-28 03:58:00,22,17
2834,2016-07-28 03:59:00,16,17
2835,2016-07-28 04:00:00,15,12
2836,2016-07-28 04:01:00,15,19
2837,2016-07-28 04:02:00,22,19
2838,2016-07-28 04:03:00,14,13
2839,2016-07-28 04:04:00,11,22
2840,2016-07-28 04:05:00,19,13
2841,2016-07-28 04:06:00,19,24
2842,2016-07-28 04:07:00,22,15
2843,2016-07-28 04:08:00,11,16
2844,2016-07-28 04:09:00,19,14
2845,2016-07-28 04:10:00,17,20
2846,2016-07-28 04:11:00,16,14
2847,2016-07-28 04:12:00,15,19
2848,2016-07-28 04:13:00,12,15
2849,2016-07-28 04:14:00,18,9
2850,2016-07-28 04:15:00,12,11
2851,2016-07-28 04:16:00,21,21
2852,2016-07-28 04:17:00,11,11
2853,2016-07-28 04:18:00,16,18
2854,2016-07-28 04:19:00,18,16
2855,2016-07-28 04:20:00,18,12
2856,2016-07-28 04:21:00,22,9
2857,2016-07-28 04:22:00,22,20
2858,2016-07-28 04:23:00,15,15
2859,2016-07-28 04:24:00,26,22
2860,2016-07-28 04:25:00,10,17
2861,2016-07-28 04:26:00,11,22
2862,2016-07-28 04:27:00,21,17
2863,2016-07-28 04:28:00,20,23
2864,2016-07-28 04:29:00,15,16
2865,2016-07-28 04:30:00,15,17
2866,2016-07-28 04:31:00,15,18
2867,2016-07-28 04:32:00,17,18
2868,2016-07-28 04:33:00,21,18
2869,2016-07-28 04:34:00,12,18
2870,2016-07-28 04:35:00,21,12
2871,2016-07-28 04:36:00,19,24
2872,2016-07-28 04:37:00,16,17
2873,2016-07-28 04:38:00,13,15
2874,2016-07-28 04:39:00,11,21
2875,2016-07-28 04:40:00,18,20
2876,2016-07-28 04:41:00,13,17
2877,2016-07-28 04:42:00,19,19
2878,2016-07-28 04:43:00,21,15
2879,2016-07-28 04:44:00,15,26
2880,2016-07-28 04:45:00,14,16
2881,2016-07-28 04:46:00,20,15
2882,2016-07-28 04:47:00,15,20
2883,2016-07-28 04:48:00,21,22
2884,2016-07-28 04:49:00,17,10
2885,2016-07-28 04:50:00,13,14
2886,2016-07-28 04:51:00,20,16
2887,2016-07-28 04:52:00,11,15
2888,2016-07-28 04:53:00,17,16
2889,2016-07-28 04:54:00,13,17
2890,2016-07-28 04:55:00,23,17
2891,2016-07-28 04:56:00,20,16
2892,2016-07-28 04:57:00,11,14
2893,2016-07-28 04:58:00,13,18
2894,2016-07-28 04:59:00,23,12
2895,2016-07-28 05:00:00,15,22
2896,2016-07-28 05:01:00,18,19
2897,2016-07-28 05:02:00,13,22
2898,2016-07-28 05:03:00,18,17
2899,2016-07-28 05:04:00,19,16
2900,2016-07-28 05:05:00,13,13
2901,2016-07-28 05:06:00,17,17
2902,2016-07-28 05:07:00,14,20
2903,2016-07-28 05:08:00,15,22
2904,2016-07-28 05:09:00,18,12
2905,2016-07-28 05:10:00,16,11
2906,2016-07-28 05:11:00,18,17
2907,2016-07-28 05:12:00,16,18
2908,2016-07-28 05:13:00,17,16
2909,2016-07-28 05:14:00,15,21
2910,2016-07-28 05:15:00,11,12
2911,2016-07-28 05:16:00,16,15
2912,2016-07-28 05:17:00,26,19
2913,2016-07-28 05:18:00,15,14
2914,2016-07-28 05:19:00,18,14
2915,2016-07-28 05:20:00,21,15
2916,2016-07-28 05:21:00,19,16
2917,2016-07-28 05:22:00,13,19
2918,2016-07-28 05:23:00,16,11
2919,2016-07-28 05:24:00,22,12
2920,2016-07-28 05:25:00,12,11
2921,2016-07-28 05:26:00,21,24
2922,2016-07-28 05:27:00,14,17
2923,2016-07-28 05:28:00,19,18
2924,2016-07-28 05:29:00,14,19
2925,2016-07-28 05:30:00,19,23
2926,2016-07-28 05:31:00,10,20
2927,2016-07-28 05:32:00,16,19
2928,2016-07-28 05:33:00,15,15
2929,2016-07-28 05:34:00,21,17
2930,2016-07-28 05:35:00,18,13
2931,2016-07-28 05:36:00,19,26
2932,2016-07-28 05:37:00,22,19
2933,2016-07-28 05:38:00,22,11
2934,2016-07-28 05:39:00,16,16
2935,2016-07-28 05:40:00,12,22
2936,2016-07-28 05:41:00,16,16
2937,2016-07-28 05:42:00,14,15
2938,2016-07-28 05:43:00,17,9
2939,2016-07-28 05:44:00,13,15
2940,2016-07-28 05:45:00,17,19
2941,2016-07-28 05:46:00,15,10
2942,2016-07-28 05:47:00,13,26
2943,2016-07-28 05:48:00,20,20
2944,2016-07-28 05:49:00,11,11
2945,2016-07-28 05:50:00,16,15
2946,2016-07-28 05:51:00,12,13
2947,2016-07-28 05:52:00,14,12
2948,2016-07-28 05:53:00,18,17
2949,2016-07-28 05:54:00,18,15
2950,2016-07-28 05:55:00,20,19
2951,2016-07-28 05:56:00,21,18
2952,2016-07-28 05:57:00,12,13
2953,2016-07-28 05:58:00,27,14
2954,2016-07-28 05:59:00,13,16
2955,2016-07-28 06:00:00,12,22
2956,2016-07-28 06:01:00,19,6
2957,2016-07-28 06:02:00,14,21
2958,2016-07-28 06:03:00,28,12
2959,2016-07-28 06:04:00,15,22
2960,2016-07-28 06:05:00,13,15
2961,2016-07-28 06:06:00,12,17
2962,2016-07-28 06:07:00,21,17
2963,2016-07-28 06:08:00,17,13
2964,2016-07-28 06:09:00,17,15
2965,2016-07-28 06:10:00,18,20
2966,2016-07-28 06:11:00,13,12
2967,2016-07-28 06:12:00,25,22
2968,2016-07-28 06:13:00,15,13
2969,2016-07-28 06:14:00,17,23
2970,2016-07-28 06:15:00,11,22
2971,2016-07-28 06:16:00,18,14
2972,2016-07-28 06:17:00,17,13
2973,2016-07-28 06:18:00,14,20
2974,2016-07-28 06:19:00,17,14
2975,2016-07-28 06:20:00,20,14
2976,2016-07-28 06:21:00,21,16
2977,2016-07-28 06:22:00,14,12
2978,2016-07-28 06:23:00,16,15
2979,2016-07-28 06:24:00,19,19
2980,2016-07-28 06:25:00,16,22
2981,2016-07-28 06:26:00,14,21
2982,2016-07-28 06:27:00,11,13
2983,2016-07-28 06:28:00,17,13
2984,2016-07-28 06:29:00,11,25
2985,2016-07-28 06:30:00,21,13
2986,2016-07-28 06:31:00,15,16
2987,2016-07-28 06:32:00,22,15
2988,2016-07-28 06:33:00,18,14
2989,2016-07-28 06:34:00,11,15
2990,2016-07-28 06:35:00,15,9
2991,2016-07-28 06:36:00,18,10
2992,2016-07-28 06:37:00,21,22
2993,2016-07-28 06:38:00,15,14
2994,2016-07-28 06:39:00,16,21
2995,2016-07-28 06:40:00,15,18
2996,2016-07-28 06:41:00,19,16
2997,2016-07-28 06:42:00,18,18
2998,2016-07-28 06:43:00,18,10
2999,2016-07-28 06:44:00,13,14
3000,2016-07-28 06:45:00,14,8
3001,2016-07-28 06:46:00,14,19
3002,2016-07-28 06:47:00,12,12
3003,2016-07-28 06:48:00,10,16
3004,2016-07-28 06:49:00,9,14
3005,2016-07-28 06:50:00,8,14
3006,2016-07-28 06:51:00,6,16
3007,2016-07-28 06:52:00,3,19
3008,2016-07-28 06:53:00,2,16
3009,2016-07-28 06:54:00,0,13
3010,2016-07-28 06:55:00,0,18
3011,2016-07-28 06:56:00,0,19
3012,2016-07-28 06:57:00,0,17
3013,2016-07-28 06:58:00,0,14
3014,2016-07-28 06:59:00,0,17
3015,2016-07-28 07:00:00,0,12
3016,2016-07-28 07:01:00,0,15
3017,2016-07-28 07:02:00,0,12
3018,2016-07-28 07:03:00,0,12
3019,2016-07-28 07:04:00,0,12
3020,2016-07-28 07:05:00,0,16
3021,2016-07-28 07:06:00,0,13
3022,2016-07-28 07:07:00,0,12
3023,2016-07-28 07:08:00,0,13
3024,2016-07-28 07:09:00,0,14
3025,2016-07-28 07:10:00,0,16
3026,2016-07-28 07:11:00,0,18
3027,2016-07-28 07:12:00,0,14
3028,2016-07-28 07:13:00,0,16
3029,2016-07-28 07:14:00,0,21
3030,2016-07-28 07:15:00,0,17
3031,2016-07-28 07:16:00,0,18
3032,2016-07-28 07:17:00,0,19
3033,2016-07-28 07:18:00,0,10
3034,2016-07-28 07:19:00,0,12
3035,2016-07-28 07:20:00,0,7
3036,2016-07-28 07:21:00,0,13
3037,2016-07-28 07:22:00,0,11
3038,2016-07-28 07:23:00,0,13
3039,2016-07-28 07:24:00,0,13
3040,2016-07-28 07:25:00,0,15
3041,2016-07-28 07:26:00,0,9
3042,2016-07-28 07:27:00,0,12
3043,2016-07-28 07:28:00,0,12
3044,2016-07-28 07:29:00,0,10
3045,2016-07-28 07:30:00,0,11
3046,2016-07-28 07:31:00,0,8
3047,2016-07-28 07:32:00,0,10
3048,2016-07-28 07:33:00,0,9
3049,2016-07-28 07:34:00,0,10
3050,2016-07-28 07:35:00,0,6
3051,2016-07-28 07:36:00,0,7
3052,2016-07-28 07:37:00,0,9
3053,2016-07-28 07:38:00,0,14
3054,2016-07-28 07:39:00,0,15
3055,2016-07-28 07:40:00,0,14
3056,2016-07-28 07:41:00,0,9
3057,2016-07-28 07:42:00,0,9
3058,2016-07-28 07:43:00,0,11
3059,2016-07-28 07:44:00,0,8
3060,2016-07-28 07:45:00,0,4
3061,2016-07-28 07:46:00,0,10
3062,2016-07-28 07:47:00,0,13
3063,2016-07-28 07:48:00,0,6
3064,2016-07-28 07:49:00,0,6
3065,2016-07-28 07:50:00,0,12
3066,2016-07-28 07:51:00,0,11
3067,2016-07-28 07:52:00,0,7
3068,2016-07-28 07:53:00,0,8
3069,2016-07-28 07:54:00,0,9
3070,2016-07-28 07:55:00,0,6
3071,2016-07-28 07:56:00,0,4
3072,2016-07-28 07:57:00,0,10
3073,2016-07-28 07:58:00,0,4
3074,2016-07-28 07:59:00,0,4
3075,2016-07-28 08:00:00,0,8
3076,2016-07-28 08:01:00,0,5
3077,2016-07-28 08:02:00,0,10
3078,2016-07-28 08:03:00,0,7
3079,2016-07-28 08:04:00,0,7
3080,2016-07-28 08:05:00,0,6
3081,2016-07-28 08:06:00,0,3
3082,2016-07-28 08:07:00,0,9
3083,2016-07-28 08:08:00,0,6
3084,2016-07-28 08:09:00,0,6
3085,2016-07-28 08:10:00,0,4
3086,2016-07-28 08:11:00,0,4
3087,2016-07-28 08:12:00,0,5
3088,2016-07-28 08:13:00,0,12
3089,2016-07-28 08:14:00,0,8
3090,2016-07-28 08:15:00,0,4
3091,2016-07-28 08:16:00,0,5
3092,2016-07-28 08:17:00,0,6
3093,2016-07-28 08:18:00,0,4
3094,2016-07-28 08:19:00,0,3
3095,2016-07-28 08:20:00,0,3
3096,2016-07-28 08:21:00,0,5
3097,2016-07-28 08:22:00,0,8
3098,2016-07-28 08:23:00,0,3
3099,2016-07-28 08:24:00,0,3
3100,2016-07-28 08:25:00,0,3
3101,2016-07-28 08:26:00,0,4
3102,2016-07-28 08:27:00,0,3
3103,2016-07-28 08:28:00,0,2
3104,2016-07-28 08:29:00,0,2
3105,2016-07-28 08:30:00,0,4
3106,2016-07-28 08:31:00,0,2
3107,2016-07-28 08:32:00,0,3
3108,2016-07-28 08:33:00,0,2
3109,2016-07-28 08:34:00,0,4
3110,2016-07-28 08:35:00,0,2
3111,2016-07-28 08:36:00,0,3
3112,2016-07-28 08:37:00,0,1
3113,2016-07-28 08:38:00,0,2
3114,2016-07-28 08:39:00,0,4
3115,2016-07-28 08:40:00,0,1
3116,2016-07-28 08:42:00,0,1
3117,2016-07-28 08:43:00,0,1
3118,2016-07-28 08:45:00,0,1
3119,2016-07-28 08:47:00,0,1
3120,2016-07-28 08:48:00,0,1
